변수,셀 ID,요약값,하한,상한,원본 확인,판정
Cycle 2 방전용량,Batch1_c07,1.0938644,1.0648710749999997,1.091676675,Cycle 2: 1.093864; Cycle 3: 1.095110 Ah,원인 미확인·원본 유지
Cycle 2 방전용량,Batch1_c11,1.0537786,1.0648710749999997,1.091676675,Cycle 2: 1.053779; Cycle 3: 1.055032 Ah,원인 미확인·원본 유지
Cycle 2 방전용량,Batch1_c15,1.0611236,1.0648710749999997,1.091676675,Cycle 2: 1.061124; Cycle 3: 1.062743 Ah,원인 미확인·원본 유지
Cycle 2 방전용량,Batch1_c31,1.0946392,1.0648710749999997,1.091676675,Cycle 2: 1.094639; Cycle 3: 1.095935 Ah,원인 미확인·원본 유지
Cycle 2 방전용량,Batch1_c33,1.0924908,1.0648710749999997,1.091676675,Cycle 2: 1.092491; Cycle 3: 1.093831 Ah,원인 미확인·원본 유지
Cycle 2 내부저항,Batch1_c18,0.019886132,0.015763131250000006,0.017614691249999995,Cycle 2: 0.019886; Cycle 3: 0.019886 Ω,원인 미확인·원본 유지
Cycle 2 내부저항,Batch1_c20,0.015740737,0.015763131250000006,0.017614691249999995,Cycle 2: 0.015741; Cycle 3: 0.015663 Ω,원인 미확인·원본 유지
Cycle 2 내부저항,Batch1_c21,0.015348774,0.015763131250000006,0.017614691249999995,Cycle 2: 0.015349; Cycle 3: 0.015273 Ω,원인 미확인·원본 유지
Cycle 2–100 최고온도,Batch1_c03,31.691414,33.44281249999999,40.4202145,"Cycle 67: 31.691414 °C; 이웃 C66 31.545, C68 31.587 °C",원인 미확인·원본 유지
Cycle 2–100 최고온도,Batch1_c31,31.658901,33.44281249999999,40.4202145,"Cycle 55: 31.658901 °C; 이웃 C54 31.621, C56 31.529 °C",원인 미확인·원본 유지
Cycle 2–100 평균 충전시간,Batch1_c05,15.07576803030309,7.460750944865334,14.66269813341751,Cycle 13: 418.819분; 구간 중앙값: 10.917분,원인 미확인·원본 유지
Cycle 2–100 평균 충전시간,Batch1_c14,14.925935387205387,7.460750944865334,14.66269813341751,Cycle 13: 419.790분; 구간 중앙값: 10.763분,원인 미확인·원본 유지
Cycle 2–100 평균 충전시간,Batch1_c15,14.92770846801342,7.460750944865334,14.66269813341751,Cycle 13: 419.873분; 구간 중앙값: 10.764분,원인 미확인·원본 유지
