cell_id,batch,policy,cycle_life,status,exclude_reason
Batch1_c00,Batch1,3.6C(80%)-3.6C,1190.0,valid_train_holdout,
Batch1_c01,Batch1,3.6C(80%)-3.6C,1179.0,valid_train_holdout,
Batch1_c02,Batch1,3.6C(80%)-3.6C,1177.0,valid_train_holdout,
Batch1_c03,Batch1,4C(80%)-4C,1226.0,valid_train_holdout,
Batch1_c04,Batch1,4C(80%)-4C,1227.0,valid_train_holdout,
Batch1_c05,Batch1,4.4C(80%)-4.4C,1074.0,valid_train_holdout,
Batch1_c06,Batch1,4.8C(80%)-4.8C,636.0,valid_train_holdout,
Batch1_c07,Batch1,4.8C(80%)-4.8C,870.0,valid_train_holdout,
Batch1_c08,Batch1,5.4C(40%)-3.6C,879.0,valid_train_holdout,
Batch1_c09,Batch1,5.4C(40%)-3.6C,1054.0,valid_train_holdout,
Batch1_c10,Batch1,5.4C(50%)-3C,906.0,valid_train_holdout,
Batch1_c11,Batch1,5.4C(50%)-3C,788.0,valid_train_holdout,
Batch1_c12,Batch1,5.4C(50%)-3.6C,902.0,valid_train_holdout,
Batch1_c13,Batch1,5.4C(50%)-3.6C,897.0,valid_train_holdout,
Batch1_c14,Batch1,5.4C(60%)-3C,880.0,valid_train_holdout,
Batch1_c15,Batch1,5.4C(60%)-3C,719.0,valid_train_holdout,
Batch1_c16,Batch1,5.4C(60%)-3.6C,862.0,valid_train_holdout,
Batch1_c17,Batch1,5.4C(60%)-3.6C,857.0,valid_train_holdout,
Batch1_c18,Batch1,5.4C(70%)-3C,691.0,valid_train_holdout,
Batch1_c19,Batch1,5.4C(70%)-3C,788.0,valid_train_holdout,
Batch1_c20,Batch1,5.4C(80%)-5.4C,534.0,valid_train_holdout,
Batch1_c21,Batch1,5.4C(80%)-5.4C,559.0,valid_train_holdout,
Batch1_c22,Batch1,6C(30%)-3.6C,891.0,valid_train_holdout,
Batch1_c23,Batch1,6C(30%)-3.6C,1014.0,valid_train_holdout,
Batch1_c24,Batch1,6C(40%)-3C,1017.0,valid_train_holdout,
Batch1_c25,Batch1,6C(40%)-3C,854.0,valid_train_holdout,
Batch1_c26,Batch1,6C(40%)-3.6C,870.0,valid_train_holdout,
Batch1_c27,Batch1,6C(40%)-3.6C,842.0,valid_train_holdout,
Batch1_c28,Batch1,6C(50%)-3C,860.0,valid_train_holdout,
Batch1_c29,Batch1,6C(50%)-3C,917.0,valid_train_holdout,
Batch1_c30,Batch1,6C(50%)-3.6C,709.0,valid_train_holdout,
Batch1_c31,Batch1,6C(50%)-3.6C,876.0,valid_train_holdout,
Batch1_c32,Batch1,6C(60%)-3C,731.0,valid_train_holdout,
Batch1_c33,Batch1,6C(60%)-3C,757.0,valid_train_holdout,
Batch1_c34,Batch1,7C(30%)-3.6C,742.0,valid_train_holdout,
Batch1_c35,Batch1,7C(30%)-3.6C,703.0,valid_train_holdout,
Batch1_c36,Batch1,7C(40%)-3C,704.0,valid_train_holdout,
Batch1_c37,Batch1,7C(40%)-3C,648.0,valid_train_holdout,
Batch1_c38,Batch1,7C(40%)-3.6C,617.0,valid_train_holdout,
Batch1_c39,Batch1,7C(40%)-3.6C,625.0,valid_train_holdout,
Batch1_c40,Batch1,8C(15%)-3.6C,966.0,valid_train_holdout,
Batch1_c41,Batch1,8C(15%)-3.6C,1051.0,valid_train_holdout,
Batch1_c42,Batch1,8C(25%)-3.6C,702.0,valid_train_holdout,
Batch1_c43,Batch1,8C(25%)-3.6C,651.0,valid_train_holdout,
Batch1_c44,Batch1,8C(35%)-3.6C,616.0,valid_train_holdout,
Batch1_c45,Batch1,8C(35%)-3.6C,599.0,valid_train_holdout,
Batch2_c00,Batch2,5.2C(58%)-4C,,valid_test,
Batch2_c01,Batch2,5.6C(26%)-4.5C,,valid_test,
Batch2_c02,Batch2,5.2C(50%)-4.25C,,valid_test,
Batch2_c03,Batch2,4.65C(44%)-5C,,valid_test,
Batch2_c04,Batch2,4.65C(69%)-6C,,valid_test,
Batch2_c05,Batch2,3.6C(30%)-6C,,valid_test,
Batch2_c06,Batch2,3.6C(9%)-5C,,valid_test,
Batch2_c07,Batch2,4.8C(80%)-4.8C-newstructure,,valid_test,
Batch2_c08,Batch2,5.2C(58%)-4C-newstructure,,valid_test,
Batch2_c09,Batch2,5.6C(26%)-4.5C-newstructure,,valid_test,
Batch2_c10,Batch2,4.8C(80%)-4.8C,,valid_test,
Batch2_c11,Batch2,5.2C(50%)-4.25C,,valid_test,
Batch2_c12,Batch2,4.65C(44%)-5C,,valid_test,
Batch2_c13,Batch2,4.65C(69%)-6C,,valid_test,
Batch2_c14,Batch2,3.6C(30%)-6C,,valid_test,
Batch2_c15,Batch2,3.6C(9%)-5C,,valid_test,
Batch2_c16,Batch2,4.8C(80%)-4.8C,,valid_test,
Batch2_c17,Batch2,5.6C(26%)-4.5C,,valid_test,
Batch2_c18,Batch2,5.2C(50%)-4.25C,,valid_test,
Batch2_c19,Batch2,6C(60%)-3C,,valid_test,
Batch2_c20,Batch2,5.2C(58%)-4C,,valid_test,
Batch2_c21,Batch2,6C(60%)-3C,,valid_test,
Batch2_c22,Batch2,VarCharge-2C-100cycles,,excluded,NaN_target_nonstandard_protocol
Batch2_c23,Batch2,VarCharge-4C-100cycles,,excluded,NaN_target_nonstandard_protocol
Batch2_c24,Batch2,4.8C(80%)-4.8C,,valid_test,
Batch2_c25,Batch2,5.2C(58%)-4C,,valid_test,
Batch2_c26,Batch2,5.6C(26%)-4.5C,,valid_test,
Batch2_c27,Batch2,5.2C(50%)-4.25C,,valid_test,
Batch2_c28,Batch2,4.8C(80%)-4.8C,,valid_test,
Batch2_c29,Batch2,5.2C(58%)-4C,,valid_test,
Batch2_c30,Batch2,5.6C(26%)-4.5C,,valid_test,
Batch2_c31,Batch2,5.6C(26%)-4.5C,,valid_test,
Batch2_c32,Batch2,4.8C(80%)-4.8C-newstructure,,valid_test,
Batch2_c33,Batch2,5.2C(58%)-4C-newstructure,,valid_test,
Batch2_c34,Batch2,5.6C(26%)-4.5C-newstructure,,valid_test,
Batch2_c35,Batch2,VarCharge-6C-100cycles,,excluded,NaN_target_nonstandard_protocol
Batch2_c36,Batch2,VarCharge-8C-100cycles,,excluded,NaN_target_nonstandard_protocol
Batch2_c37,Batch2,3.6C(80%)-3.6C(SLOWCYCLE,,excluded,NaN_target_nonstandard_protocol
Batch2_c38,Batch2,4.8C(80%)-4.8C(SLOWCYCLE,,excluded,NaN_target_nonstandard_protocol
Batch2_c39,Batch2,3.6C(9%)-5C(SLOWCYCLE,,excluded,NaN_target_nonstandard_protocol
Batch2_c40,Batch2,5.2C(58%)-4C(SLOWCYCLE,,excluded,NaN_target_nonstandard_protocol
Batch2_c41,Batch2,5.6C(26%)-4.5C,,valid_test,
Batch2_c42,Batch2,5.2C(50%)-4.25C,,valid_test,
Batch2_c43,Batch2,4.8C(80%)-4.8C-newstructure,,valid_test,
Batch2_c44,Batch2,5.2C(58%)-4C-newstructure,,valid_test,
Batch2_c45,Batch2,5.6C(26%)-4.5C-newstructure,,valid_test,
Batch2_c46,Batch2,4.8C(80%)-4.8C,,valid_test,
