batch,cell_id,cycle_2_100_정렬,배열_길이_일치,원본_유한값,충전용량_양수,후보_피처_유한값,입력_검증통과
Batch 1,Batch1_c00,True,True,True,True,True,True
Batch 1,Batch1_c01,True,True,True,True,True,True
Batch 1,Batch1_c02,True,True,True,True,True,True
Batch 1,Batch1_c03,True,True,True,True,True,True
Batch 1,Batch1_c04,True,True,True,True,True,True
Batch 1,Batch1_c05,True,True,True,True,True,True
Batch 1,Batch1_c06,True,True,True,True,True,True
Batch 1,Batch1_c07,True,True,True,True,True,True
Batch 1,Batch1_c08,True,True,True,True,True,True
Batch 1,Batch1_c09,True,True,True,True,True,True
Batch 1,Batch1_c10,True,True,True,True,True,True
Batch 1,Batch1_c11,True,True,True,True,True,True
Batch 1,Batch1_c12,True,True,True,True,True,True
Batch 1,Batch1_c13,True,True,True,True,True,True
Batch 1,Batch1_c14,True,True,True,True,True,True
Batch 1,Batch1_c15,True,True,True,True,True,True
Batch 1,Batch1_c16,True,True,True,True,True,True
Batch 1,Batch1_c17,True,True,True,True,True,True
Batch 1,Batch1_c18,True,True,True,True,True,True
Batch 1,Batch1_c19,True,True,True,True,True,True
Batch 1,Batch1_c20,True,True,True,True,True,True
Batch 1,Batch1_c21,True,True,True,True,True,True
Batch 1,Batch1_c22,True,True,True,True,True,True
Batch 1,Batch1_c23,True,True,True,True,True,True
Batch 1,Batch1_c24,True,True,True,True,True,True
Batch 1,Batch1_c25,True,True,True,True,True,True
Batch 1,Batch1_c26,True,True,True,True,True,True
Batch 1,Batch1_c27,True,True,True,True,True,True
Batch 1,Batch1_c28,True,True,True,True,True,True
Batch 1,Batch1_c29,True,True,True,True,True,True
Batch 1,Batch1_c30,True,True,True,True,True,True
Batch 1,Batch1_c31,True,True,True,True,True,True
Batch 1,Batch1_c32,True,True,True,True,True,True
Batch 1,Batch1_c33,True,True,True,True,True,True
Batch 1,Batch1_c34,True,True,True,True,True,True
Batch 1,Batch1_c35,True,True,True,True,True,True
Batch 1,Batch1_c36,True,True,True,True,True,True
Batch 1,Batch1_c37,True,True,True,True,True,True
Batch 1,Batch1_c38,True,True,True,True,True,True
Batch 1,Batch1_c39,True,True,True,True,True,True
Batch 1,Batch1_c40,True,True,True,True,True,True
Batch 1,Batch1_c41,True,True,True,True,True,True
Batch 1,Batch1_c42,True,True,True,True,True,True
Batch 1,Batch1_c43,True,True,True,True,True,True
Batch 1,Batch1_c44,True,True,True,True,True,True
Batch 1,Batch1_c45,True,True,True,True,True,True
Batch 2,Batch2_c00,True,True,True,True,True,True
Batch 2,Batch2_c01,True,True,True,True,True,True
Batch 2,Batch2_c02,True,True,True,True,True,True
Batch 2,Batch2_c03,True,True,True,True,True,True
Batch 2,Batch2_c04,True,True,True,True,True,True
Batch 2,Batch2_c05,True,True,True,True,True,True
Batch 2,Batch2_c06,True,True,True,True,True,True
Batch 2,Batch2_c07,True,True,True,True,True,True
Batch 2,Batch2_c08,True,True,True,True,True,True
Batch 2,Batch2_c09,True,True,True,True,True,True
Batch 2,Batch2_c10,True,True,True,True,True,True
Batch 2,Batch2_c11,True,True,True,True,True,True
Batch 2,Batch2_c12,True,True,True,True,True,True
Batch 2,Batch2_c13,True,True,True,True,True,True
Batch 2,Batch2_c14,True,True,True,True,True,True
Batch 2,Batch2_c15,True,True,True,True,True,True
Batch 2,Batch2_c16,True,True,True,True,True,True
Batch 2,Batch2_c17,True,True,True,True,True,True
Batch 2,Batch2_c18,True,True,True,True,True,True
Batch 2,Batch2_c19,True,True,True,True,True,True
Batch 2,Batch2_c20,True,True,True,True,True,True
Batch 2,Batch2_c21,True,True,True,True,True,True
Batch 2,Batch2_c24,True,True,True,True,True,True
Batch 2,Batch2_c25,True,True,True,True,True,True
Batch 2,Batch2_c26,True,True,True,True,True,True
Batch 2,Batch2_c27,True,True,True,True,True,True
Batch 2,Batch2_c28,True,True,True,True,True,True
Batch 2,Batch2_c29,True,True,True,True,True,True
Batch 2,Batch2_c30,True,True,True,True,True,True
Batch 2,Batch2_c31,True,True,True,True,True,True
Batch 2,Batch2_c32,True,True,True,True,True,True
Batch 2,Batch2_c33,True,True,True,True,True,True
Batch 2,Batch2_c34,True,True,True,True,True,True
Batch 2,Batch2_c41,True,True,True,True,True,True
Batch 2,Batch2_c42,True,True,True,True,True,True
Batch 2,Batch2_c43,True,True,True,True,True,True
Batch 2,Batch2_c44,True,True,True,True,True,True
Batch 2,Batch2_c45,True,True,True,True,True,True
Batch 2,Batch2_c46,True,True,True,True,True,True
