batch,feature,n,Pearson,Spearman
Batch1,delta_q_mean,46,0.8538097844630063,0.8281115101478308
Batch1,delta_q_min,46,0.8816450170696558,0.8500061691261938
Batch1,delta_q_log_var,46,-0.8861231036774866,-0.8711607269559923
Batch2,delta_q_mean,39,0.7670852072368177,0.6972365659772065
Batch2,delta_q_min,39,0.8185183255033298,0.6608968552940159
Batch2,delta_q_log_var,39,-0.9018830736836406,-0.7089786451951733
Batch3,delta_q_mean,44,0.6391153658731696,0.7561491314853485
Batch3,delta_q_min,44,0.6921158515446068,0.7760236822430022
Batch3,delta_q_log_var,44,-0.7018620670132867,-0.7972372984772357
