batch,cell_id,label_valid,points,voltage_min,voltage_max,passed,reason
Batch1,Batch1_c00,True,1000,2.0,3.5,True,
Batch1,Batch1_c01,True,1000,2.0,3.5,True,
Batch1,Batch1_c02,True,1000,2.0,3.5,True,
Batch1,Batch1_c03,True,1000,2.0,3.5,True,
Batch1,Batch1_c04,True,1000,2.0,3.5,True,
Batch1,Batch1_c05,True,1000,2.0,3.5,True,
Batch1,Batch1_c06,True,1000,2.0,3.5,True,
Batch1,Batch1_c07,True,1000,2.0,3.5,True,
Batch1,Batch1_c08,True,1000,2.0,3.5,True,
Batch1,Batch1_c09,True,1000,2.0,3.5,True,
Batch1,Batch1_c10,True,1000,2.0,3.5,True,
Batch1,Batch1_c11,True,1000,2.0,3.5,True,
Batch1,Batch1_c12,True,1000,2.0,3.5,True,
Batch1,Batch1_c13,True,1000,2.0,3.5,True,
Batch1,Batch1_c14,True,1000,2.0,3.5,True,
Batch1,Batch1_c15,True,1000,2.0,3.5,True,
Batch1,Batch1_c16,True,1000,2.0,3.5,True,
Batch1,Batch1_c17,True,1000,2.0,3.5,True,
Batch1,Batch1_c18,True,1000,2.0,3.5,True,
Batch1,Batch1_c19,True,1000,2.0,3.5,True,
Batch1,Batch1_c20,True,1000,2.0,3.5,True,
Batch1,Batch1_c21,True,1000,2.0,3.5,True,
Batch1,Batch1_c22,True,1000,2.0,3.5,True,
Batch1,Batch1_c23,True,1000,2.0,3.5,True,
Batch1,Batch1_c24,True,1000,2.0,3.5,True,
Batch1,Batch1_c25,True,1000,2.0,3.5,True,
Batch1,Batch1_c26,True,1000,2.0,3.5,True,
Batch1,Batch1_c27,True,1000,2.0,3.5,True,
Batch1,Batch1_c28,True,1000,2.0,3.5,True,
Batch1,Batch1_c29,True,1000,2.0,3.5,True,
Batch1,Batch1_c30,True,1000,2.0,3.5,True,
Batch1,Batch1_c31,True,1000,2.0,3.5,True,
Batch1,Batch1_c32,True,1000,2.0,3.5,True,
Batch1,Batch1_c33,True,1000,2.0,3.5,True,
Batch1,Batch1_c34,True,1000,2.0,3.5,True,
Batch1,Batch1_c35,True,1000,2.0,3.5,True,
Batch1,Batch1_c36,True,1000,2.0,3.5,True,
Batch1,Batch1_c37,True,1000,2.0,3.5,True,
Batch1,Batch1_c38,True,1000,2.0,3.5,True,
Batch1,Batch1_c39,True,1000,2.0,3.5,True,
Batch1,Batch1_c40,True,1000,2.0,3.5,True,
Batch1,Batch1_c41,True,1000,2.0,3.5,True,
Batch1,Batch1_c42,True,1000,2.0,3.5,True,
Batch1,Batch1_c43,True,1000,2.0,3.5,True,
Batch1,Batch1_c44,True,1000,2.0,3.5,True,
Batch1,Batch1_c45,True,1000,2.0,3.5,True,
Batch2,Batch2_c00,True,1000,2.0,3.5,True,
Batch2,Batch2_c01,True,1000,2.0,3.5,True,
Batch2,Batch2_c02,True,1000,2.0,3.5,True,
Batch2,Batch2_c03,True,1000,2.0,3.5,True,
Batch2,Batch2_c04,True,1000,2.0,3.5,True,
Batch2,Batch2_c05,True,1000,2.0,3.5,True,
Batch2,Batch2_c06,True,1000,2.0,3.5,True,
Batch2,Batch2_c07,True,1000,2.0,3.5,True,
Batch2,Batch2_c08,True,1000,2.0,3.5,True,
Batch2,Batch2_c09,True,1000,2.0,3.5,True,
Batch2,Batch2_c10,True,1000,2.0,3.5,True,
Batch2,Batch2_c11,True,1000,2.0,3.5,True,
Batch2,Batch2_c12,True,1000,2.0,3.5,True,
Batch2,Batch2_c13,True,1000,2.0,3.5,True,
Batch2,Batch2_c14,True,1000,2.0,3.5,True,
Batch2,Batch2_c15,True,1000,2.0,3.5,True,
Batch2,Batch2_c16,True,1000,2.0,3.5,True,
Batch2,Batch2_c17,True,1000,2.0,3.5,True,
Batch2,Batch2_c18,True,1000,2.0,3.5,True,
Batch2,Batch2_c19,True,1000,2.0,3.5,True,
Batch2,Batch2_c20,True,1000,2.0,3.5,True,
Batch2,Batch2_c21,True,1000,2.0,3.5,True,
Batch2,Batch2_c22,False,1000,2.0,3.5,True,
Batch2,Batch2_c23,False,1000,2.0,3.5,True,
Batch2,Batch2_c24,True,1000,2.0,3.5,True,
Batch2,Batch2_c25,True,1000,2.0,3.5,True,
Batch2,Batch2_c26,True,1000,2.0,3.5,True,
Batch2,Batch2_c27,True,1000,2.0,3.5,True,
Batch2,Batch2_c28,True,1000,2.0,3.5,True,
Batch2,Batch2_c29,True,1000,2.0,3.5,True,
Batch2,Batch2_c30,True,1000,2.0,3.5,True,
Batch2,Batch2_c31,True,1000,2.0,3.5,True,
Batch2,Batch2_c32,True,1000,2.0,3.5,True,
Batch2,Batch2_c33,True,1000,2.0,3.5,True,
Batch2,Batch2_c34,True,1000,2.0,3.5,True,
Batch2,Batch2_c35,False,1000,2.0,3.5,True,
Batch2,Batch2_c36,False,1000,2.0,3.5,True,
Batch2,Batch2_c37,False,1000,2.0,3.5,True,
Batch2,Batch2_c38,False,1000,2.0,3.5,True,
Batch2,Batch2_c39,False,1000,2.0,3.5,True,
Batch2,Batch2_c40,False,1000,2.0,3.5,True,
Batch2,Batch2_c41,True,1000,2.0,3.5,True,
Batch2,Batch2_c42,True,1000,2.0,3.5,True,
Batch2,Batch2_c43,True,1000,2.0,3.5,True,
Batch2,Batch2_c44,True,1000,2.0,3.5,True,
Batch2,Batch2_c45,True,1000,2.0,3.5,True,
Batch2,Batch2_c46,True,1000,2.0,3.5,True,
Batch3,Batch3_c00,True,1000,2.0,3.5,True,
Batch3,Batch3_c01,True,1000,2.0,3.5,True,
Batch3,Batch3_c02,True,1000,2.0,3.5,True,
Batch3,Batch3_c03,True,1000,2.0,3.5,True,
Batch3,Batch3_c04,True,1000,2.0,3.5,True,
Batch3,Batch3_c05,True,1000,2.0,3.5,True,
Batch3,Batch3_c06,True,1000,2.0,3.5,True,
Batch3,Batch3_c07,True,1000,2.0,3.5,True,
Batch3,Batch3_c08,True,1000,2.0,3.5,True,
Batch3,Batch3_c09,True,1000,2.0,3.5,True,
Batch3,Batch3_c10,True,1000,2.0,3.5,True,
Batch3,Batch3_c11,True,1000,2.0,3.5,True,
Batch3,Batch3_c12,True,1000,2.0,3.5,True,
Batch3,Batch3_c13,True,1000,2.0,3.5,True,
Batch3,Batch3_c14,True,1000,2.0,3.5,True,
Batch3,Batch3_c15,True,1000,2.0,3.5,True,
Batch3,Batch3_c16,True,1000,2.0,3.5,True,
Batch3,Batch3_c17,True,1000,2.0,3.5,True,
Batch3,Batch3_c18,True,1000,2.0,3.5,True,
Batch3,Batch3_c19,True,1000,2.0,3.5,True,
Batch3,Batch3_c20,True,1000,2.0,3.5,True,
Batch3,Batch3_c21,True,1000,2.0,3.5,True,
Batch3,Batch3_c22,True,1000,2.0,3.5,True,
Batch3,Batch3_c23,False,1000,2.0,3.5,True,
Batch3,Batch3_c24,True,1000,2.0,3.5,True,
Batch3,Batch3_c25,True,1000,2.0,3.5,True,
Batch3,Batch3_c26,True,1000,2.0,3.5,True,
Batch3,Batch3_c27,True,1000,2.0,3.5,True,
Batch3,Batch3_c28,True,1000,2.0,3.5,True,
Batch3,Batch3_c29,True,1000,2.0,3.5,True,
Batch3,Batch3_c30,True,1000,2.0,3.5,True,
Batch3,Batch3_c31,True,1000,2.0,3.5,True,
Batch3,Batch3_c32,False,1000,2.0,3.5,True,
Batch3,Batch3_c33,True,1000,2.0,3.5,True,
Batch3,Batch3_c34,True,1000,2.0,3.5,True,
Batch3,Batch3_c35,True,1000,2.0,3.5,True,
Batch3,Batch3_c36,True,1000,2.0,3.5,True,
Batch3,Batch3_c37,True,1000,2.0,3.5,True,
Batch3,Batch3_c38,True,1000,2.0,3.5,True,
Batch3,Batch3_c39,True,1000,2.0,3.5,True,
Batch3,Batch3_c40,True,1000,2.0,3.5,True,
Batch3,Batch3_c41,True,1000,2.0,3.5,True,
Batch3,Batch3_c42,True,1000,2.0,3.5,True,
Batch3,Batch3_c43,True,1000,2.0,3.5,True,
Batch3,Batch3_c44,True,1000,2.0,3.5,True,
Batch3,Batch3_c45,True,1000,2.0,3.5,True,
