batch,cell_id,policy,cycle_life,c1,switch_soc,c2,newstructure,delta_q_100_2_mAh,tmax_2_100
Batch1,Batch1_c00,3.6C(80%)-3.6C,1190.0,3.6,80.0,3.6,False,5.223400000000211,35.994705
Batch1,Batch1_c01,3.6C(80%)-3.6C,1179.0,3.6,80.0,3.6,False,5.328500000000069,34.712265
Batch1,Batch1_c02,3.6C(80%)-3.6C,1177.0,3.6,80.0,3.6,False,5.018100000000025,35.127342
Batch1,Batch1_c03,4C(80%)-4C,1226.0,4.0,80.0,4.0,False,5.026900000000056,31.691414
Batch1,Batch1_c04,4C(80%)-4C,1227.0,4.0,80.0,4.0,False,4.229000000000038,35.651741
Batch1,Batch1_c05,4.4C(80%)-4.4C,1074.0,4.4,80.0,4.4,False,3.6528000000000116,34.654667
Batch1,Batch1_c06,4.8C(80%)-4.8C,636.0,4.8,80.0,4.8,False,3.406800000000043,36.496124
Batch1,Batch1_c07,4.8C(80%)-4.8C,870.0,4.8,80.0,4.8,False,1.8981000000000137,36.053928
Batch1,Batch1_c08,5.4C(40%)-3.6C,879.0,5.4,40.0,3.6,False,4.161099999999918,35.160984
Batch1,Batch1_c09,5.4C(40%)-3.6C,1054.0,5.4,40.0,3.6,False,4.656999999999911,36.799232
Batch1,Batch1_c10,5.4C(50%)-3C,906.0,5.4,50.0,3.0,False,6.364800000000059,37.614693
Batch1,Batch1_c11,5.4C(50%)-3C,788.0,5.4,50.0,3.0,False,6.193300000000068,37.128967
Batch1,Batch1_c12,5.4C(50%)-3.6C,902.0,5.4,50.0,3.6,False,4.347099999999937,38.354816
Batch1,Batch1_c13,5.4C(50%)-3.6C,897.0,5.4,50.0,3.6,False,3.8567999999998825,35.892479
Batch1,Batch1_c14,5.4C(60%)-3C,880.0,5.4,60.0,3.0,False,5.235500000000171,37.818813
Batch1,Batch1_c15,5.4C(60%)-3C,719.0,5.4,60.0,3.0,False,6.626100000000079,38.47617
Batch1,Batch1_c16,5.4C(60%)-3.6C,862.0,5.4,60.0,3.6,False,5.154199999999998,37.566532
Batch1,Batch1_c17,5.4C(60%)-3.6C,857.0,5.4,60.0,3.6,False,4.924300000000104,37.208405
Batch1,Batch1_c18,5.4C(70%)-3C,691.0,5.4,70.0,3.0,False,-1.6430999999998974,36.084282
Batch1,Batch1_c19,5.4C(70%)-3C,788.0,5.4,70.0,3.0,False,1.9703999999998167,37.49086
Batch1,Batch1_c20,5.4C(80%)-5.4C,534.0,5.4,80.0,5.4,False,-11.382199999999898,35.504932
Batch1,Batch1_c21,5.4C(80%)-5.4C,559.0,5.4,80.0,5.4,False,-5.709699999999929,37.615559
Batch1,Batch1_c22,6C(30%)-3.6C,891.0,6.0,30.0,3.6,False,2.750199999999925,37.758316
Batch1,Batch1_c23,6C(30%)-3.6C,1014.0,6.0,30.0,3.6,False,2.3974999999998303,36.165897
Batch1,Batch1_c24,6C(40%)-3C,1017.0,6.0,40.0,3.0,False,3.0958999999999293,37.596226
Batch1,Batch1_c25,6C(40%)-3C,854.0,6.0,40.0,3.0,False,2.8093000000000146,38.670872
Batch1,Batch1_c26,6C(40%)-3.6C,870.0,6.0,40.0,3.6,False,1.7199000000001075,37.077717
Batch1,Batch1_c27,6C(40%)-3.6C,842.0,6.0,40.0,3.6,False,1.9765000000000477,38.178074
Batch1,Batch1_c28,6C(50%)-3C,860.0,6.0,50.0,3.0,False,1.9471999999998157,38.303513
Batch1,Batch1_c29,6C(50%)-3C,917.0,6.0,50.0,3.0,False,2.3569999999999425,36.258759
Batch1,Batch1_c30,6C(50%)-3.6C,709.0,6.0,50.0,3.6,False,1.5437000000000367,37.483994
Batch1,Batch1_c31,6C(50%)-3.6C,876.0,6.0,50.0,3.6,False,0.7101999999998831,31.658901
Batch1,Batch1_c32,6C(60%)-3C,731.0,6.0,60.0,3.0,False,1.543800000000095,37.14436
Batch1,Batch1_c33,6C(60%)-3C,757.0,6.0,60.0,3.0,False,1.2749000000000787,38.728722
Batch1,Batch1_c34,7C(30%)-3.6C,742.0,7.0,30.0,3.6,False,2.8013000000000066,37.240925
Batch1,Batch1_c35,7C(30%)-3.6C,703.0,7.0,30.0,3.6,False,3.2472000000001167,36.075569
Batch1,Batch1_c36,7C(40%)-3C,704.0,7.0,40.0,3.0,False,2.4096000000000117,34.868446
Batch1,Batch1_c37,7C(40%)-3C,648.0,7.0,40.0,3.0,False,1.9871000000000194,36.993626
Batch1,Batch1_c38,7C(40%)-3.6C,617.0,7.0,40.0,3.6,False,2.024100000000084,37.995705
Batch1,Batch1_c39,7C(40%)-3.6C,625.0,7.0,40.0,3.6,False,2.9856000000001437,38.024876
Batch1,Batch1_c40,8C(15%)-3.6C,966.0,8.0,15.0,3.6,False,2.4324000000000012,38.388569
Batch1,Batch1_c41,8C(15%)-3.6C,1051.0,8.0,15.0,3.6,False,3.2071999999998546,37.576675
Batch1,Batch1_c42,8C(25%)-3.6C,702.0,8.0,25.0,3.6,False,3.4095999999999016,38.397423
Batch1,Batch1_c43,8C(25%)-3.6C,651.0,8.0,25.0,3.6,False,0.5969999999999587,37.725166
Batch1,Batch1_c44,8C(35%)-3.6C,616.0,8.0,35.0,3.6,False,-0.058000000000113516,36.804283
Batch1,Batch1_c45,8C(35%)-3.6C,599.0,8.0,35.0,3.6,False,1.8719000000000374,37.855122
Batch2,Batch2_c00,5.2C(58%)-4C,477.0,5.2,58.0,4.0,False,3.267799999999932,36.404427
Batch2,Batch2_c01,5.6C(26%)-4.5C,491.0,5.6,26.0,4.5,False,-4.240400000000033,37.4468
Batch2,Batch2_c02,5.2C(50%)-4.25C,424.0,5.2,50.0,4.25,False,-2.5500999999998886,38.33985803206289
Batch2,Batch2_c03,4.65C(44%)-5C,499.0,4.65,44.0,5.0,False,4.372700000000007,39.422000644443116
Batch2,Batch2_c04,4.65C(69%)-6C,444.0,4.65,69.0,6.0,False,-8.614400000000133,38.209395652763355
Batch2,Batch2_c05,3.6C(30%)-6C,416.0,3.6,30.0,6.0,False,-22.90649999999994,38.388368590154755
Batch2,Batch2_c06,3.6C(9%)-5C,393.0,3.6,9.0,5.0,False,2.035299999999962,40.4669448483313
Batch2,Batch2_c07,4.8C(80%)-4.8C-newstructure,777.0,4.8,80.0,4.8,True,6.792399999999921,37.918381
Batch2,Batch2_c08,5.2C(58%)-4C-newstructure,904.0,5.2,58.0,4.0,True,0.30090000000004835,36.451335340457405
Batch2,Batch2_c09,5.6C(26%)-4.5C-newstructure,791.0,5.6,26.0,4.5,True,2.57710000000011,35.00847845562602
Batch2,Batch2_c10,4.8C(80%)-4.8C,492.0,4.8,80.0,4.8,False,7.01509999999983,35.078796
Batch2,Batch2_c11,5.2C(50%)-4.25C,449.0,5.2,50.0,4.25,False,12.777099999999875,39.423817
Batch2,Batch2_c12,4.65C(44%)-5C,466.0,4.65,44.0,5.0,False,4.939999999999944,35.747711
Batch2,Batch2_c13,4.65C(69%)-6C,460.0,4.65,69.0,6.0,False,-0.2936999999998413,36.19238897679291
Batch2,Batch2_c14,3.6C(30%)-6C,426.0,3.6,30.0,6.0,False,-6.854300000000091,36.56760277779107
Batch2,Batch2_c15,3.6C(9%)-5C,396.0,3.6,9.0,5.0,False,7.325099999999862,36.649116879455384
Batch2,Batch2_c16,4.8C(80%)-4.8C,472.0,4.8,80.0,4.8,False,-0.4667999999998784,37.601054318286856
Batch2,Batch2_c17,5.6C(26%)-4.5C,471.0,5.6,26.0,4.5,False,2.719799999999939,35.36969
Batch2,Batch2_c18,5.2C(50%)-4.25C,449.0,5.2,50.0,4.25,False,10.21340000000004,36.964727535985794
Batch2,Batch2_c19,6C(60%)-3C,392.0,6.0,60.0,3.0,False,2.8185999999998934,37.29125540144077
Batch2,Batch2_c20,5.2C(58%)-4C,489.0,5.2,58.0,4.0,False,6.1388,37.85651
Batch2,Batch2_c21,6C(60%)-3C,408.0,6.0,60.0,3.0,False,1.4510999999999274,39.554886
Batch2,Batch2_c24,4.8C(80%)-4.8C,514.0,4.8,80.0,4.8,False,9.624700000000042,39.222355
Batch2,Batch2_c25,5.2C(58%)-4C,493.0,5.2,58.0,4.0,False,7.532199999999989,35.15638
Batch2,Batch2_c26,5.6C(26%)-4.5C,450.0,5.6,26.0,4.5,False,2.183200000000163,38.98082610957073
Batch2,Batch2_c27,5.2C(50%)-4.25C,474.0,5.2,50.0,4.25,False,10.578899999999836,39.292397
Batch2,Batch2_c28,4.8C(80%)-4.8C,437.0,4.8,80.0,4.8,False,9.143300000000076,35.97005389341205
Batch2,Batch2_c29,5.2C(58%)-4C,452.0,5.2,58.0,4.0,False,12.774400000000075,35.143738
Batch2,Batch2_c30,5.6C(26%)-4.5C,412.0,5.6,26.0,4.5,False,-2.0923999999999943,38.2883066025032
Batch2,Batch2_c31,5.6C(26%)-4.5C,425.0,5.6,26.0,4.5,False,1.6135999999999928,37.238895
Batch2,Batch2_c32,4.8C(80%)-4.8C-newstructure,809.0,4.8,80.0,4.8,True,-0.7219999999998894,34.753593
Batch2,Batch2_c33,5.2C(58%)-4C-newstructure,1140.0,5.2,58.0,4.0,True,-4.597399999999974,35.019115
Batch2,Batch2_c34,5.6C(26%)-4.5C-newstructure,1186.0,5.6,26.0,4.5,True,-2.7188999999998575,39.697674
Batch2,Batch2_c41,5.6C(26%)-4.5C,442.0,5.6,26.0,4.5,False,3.83319999999987,34.98487001858617
Batch2,Batch2_c42,5.2C(50%)-4.25C,474.0,5.2,50.0,4.25,False,10.915500000000078,36.76044310987061
Batch2,Batch2_c43,4.8C(80%)-4.8C-newstructure,1029.0,4.8,80.0,4.8,True,-0.8110999999999535,38.4212899272313
Batch2,Batch2_c44,5.2C(58%)-4C-newstructure,841.0,5.2,58.0,4.0,True,0.905099999999992,37.579971
Batch2,Batch2_c45,5.6C(26%)-4.5C-newstructure,997.0,5.6,26.0,4.5,True,-3.489400000000087,38.42024558425599
Batch2,Batch2_c46,4.8C(80%)-4.8C,503.0,4.8,80.0,4.8,False,-1.0977000000000903,31.867259462197975
Batch3,Batch3_c00,5C(67%)-4C-newstructure,1009.0,5.0,67.0,4.0,True,1.9992999999998151,33.974361
Batch3,Batch3_c01,5.3C(54%)-4C-newstructure,1063.0,5.3,54.0,4.0,True,1.417400000000013,38.707848
Batch3,Batch3_c02,5.6C(19%)-4.6C-newstructure,1267.0,5.6,19.0,4.6,True,-0.20449999999994084,41.645876083931206
Batch3,Batch3_c03,5.6C(36%)-4.3C-newstructure,1115.0,5.6,36.0,4.3,True,0.7053999999999672,40.076626
Batch3,Batch3_c04,5.6C(19%)-4.6C-newstructure,1048.0,5.6,19.0,4.6,True,1.3821000000000527,33.39357830787951
Batch3,Batch3_c05,5.6C(36%)-4.3C-newstructure,828.0,5.6,36.0,4.3,True,0.40090000000003734,40.19554382518285
Batch3,Batch3_c06,3.7C(31%)-5.9C-newstructure,667.0,3.7,31.0,5.9,True,-18.83239999999997,37.461433
Batch3,Batch3_c07,4.8C(80%)-4.8C-newstructure,1836.0,4.8,80.0,4.8,True,0.9525000000001338,34.60008198094648
Batch3,Batch3_c08,5C(67%)-4C-newstructure,828.0,5.0,67.0,4.0,True,2.2898000000000085,35.5458971642776
Batch3,Batch3_c09,5.3C(54%)-4C-newstructure,1039.0,5.3,54.0,4.0,True,2.963000000000049,35.6854391223452
Batch3,Batch3_c10,4.8C(80%)-4.8C-newstructure,1078.0,4.8,80.0,4.8,True,0.6163000000001251,35.20887742320281
Batch3,Batch3_c11,5.6C(19%)-4.6C-newstructure,817.0,5.6,19.0,4.6,True,0.2318999999999516,38.22832463770115
Batch3,Batch3_c12,5.6C(36%)-4.3C-newstructure,932.0,5.6,36.0,4.3,True,1.3689999999999536,36.11585579982815
Batch3,Batch3_c13,5.6C(19%)-4.6C-newstructure,816.0,5.6,19.0,4.6,True,1.7480000000000828,37.80334001741199
Batch3,Batch3_c14,5.6C(36%)-4.3C-newstructure,858.0,5.6,36.0,4.3,True,3.686300000000031,36.101499457512425
Batch3,Batch3_c15,5.9C(15%)-4.6C-newstructure,876.0,5.9,15.0,4.6,True,0.9406999999999055,37.344582
Batch3,Batch3_c16,4.8C(80%)-4.8C-newstructure,1638.0,4.8,80.0,4.8,True,1.5488999999999642,38.21816186151848
Batch3,Batch3_c17,5.3C(54%)-4C-newstructure,1315.0,5.3,54.0,4.0,True,0.0070999999999266095,38.138309
Batch3,Batch3_c18,5.6C(19%)-4.6C-newstructure,1146.0,5.6,19.0,4.6,True,-1.0221999999999731,38.518787
Batch3,Batch3_c19,5.6C(36%)-4.3C-newstructure,1155.0,5.6,36.0,4.3,True,-1.0694999999998345,38.401493
Batch3,Batch3_c20,5C(67%)-4C-newstructure,813.0,5.0,67.0,4.0,True,1.389899999999944,36.232254
Batch3,Batch3_c21,3.7C(31%)-5.9C-newstructure,772.0,3.7,31.0,5.9,True,-14.024700000000001,38.317612
Batch3,Batch3_c22,5.9C(60%)-3.1C-newstructure,1002.0,5.9,60.0,3.1,True,0.640299999999927,37.97354076473168
Batch3,Batch3_c24,5C(67%)-4C-newstructure,825.0,5.0,67.0,4.0,True,3.810800000000114,37.871063
Batch3,Batch3_c25,5.3C(54%)-4C-newstructure,989.0,5.3,54.0,4.0,True,3.236100000000075,39.595110804534556
Batch3,Batch3_c26,5.6C(19%)-4.6C-newstructure,1028.0,5.6,19.0,4.6,True,2.4163999999999852,39.786995
Batch3,Batch3_c27,5.6C(36%)-4.3C-newstructure,850.0,5.6,36.0,4.3,True,2.340299999999962,38.98098
Batch3,Batch3_c28,3.7C(31%)-5.9C-newstructure,541.0,3.7,31.0,5.9,True,-17.85750000000008,39.85648636436463
Batch3,Batch3_c29,5.9C(15%)-4.6C-newstructure,858.0,5.9,15.0,4.6,True,3.2661000000000495,31.999889
Batch3,Batch3_c30,5.3C(54%)-4C-newstructure,935.0,5.3,54.0,4.0,True,2.271499999999982,34.756857996430846
Batch3,Batch3_c31,5.9C(60%)-3.1C-newstructure,731.0,5.9,60.0,3.1,True,1.6336999999999602,37.242977
Batch3,Batch3_c33,5C(67%)-4C-newstructure,1284.0,5.0,67.0,4.0,True,0.6477999999998652,34.695709
Batch3,Batch3_c34,5.3C(54%)-4C-newstructure,1158.0,5.3,54.0,4.0,True,0.01430000000013365,39.49040963165045
Batch3,Batch3_c35,5.6C(19%)-4.6C-newstructure,1093.0,5.6,19.0,4.6,True,-0.14730000000007237,39.086731
Batch3,Batch3_c36,5.6C(36%)-4.3C-newstructure,923.0,5.6,36.0,4.3,True,0.23799999999996047,39.893036
Batch3,Batch3_c37,4.8C(80%)-4.8C-newstructure,1390.0,4.8,80.0,4.8,True,1.8122000000000416,38.20889912669421
Batch3,Batch3_c38,5C(67%)-4C-newstructure,1935.0,5.0,67.0,4.0,True,0.9221999999999841,38.268311
Batch3,Batch3_c39,5.3C(54%)-4C-newstructure,1156.0,5.3,54.0,4.0,True,2.1002000000001075,36.491322
Batch3,Batch3_c40,5.6C(19%)-4.6C-newstructure,796.0,5.6,19.0,4.6,True,2.433899999999989,38.358112
Batch3,Batch3_c41,5.6C(36%)-4.3C-newstructure,786.0,5.6,36.0,4.3,True,3.6312000000000566,37.245838
Batch3,Batch3_c42,4.8C(80%)-4.8C-newstructure,1642.0,4.8,80.0,4.8,True,2.0447999999999578,37.087307
Batch3,Batch3_c43,5C(67%)-4C-newstructure,1046.0,5.0,67.0,4.0,True,2.2332999999998826,38.634735
Batch3,Batch3_c44,5.3C(54%)-4C-newstructure,940.0,5.3,54.0,4.0,True,3.208399999999889,36.881859
Batch3,Batch3_c45,4.8C(80%)-4.8C-newstructure,1801.0,4.8,80.0,4.8,True,1.576599999999928,35.085537
