batch,left,right,pearson_r
Batch1,q_init_c2,qc_init_c2,0.9984571770383318
Batch1,q_init_c2,q_c100,0.9230857806532491
Batch1,q_init_c2,qc_c100,0.9216655896118552
Batch1,qc_init_c2,q_c100,0.9223108510024651
Batch1,qc_init_c2,qc_c100,0.9223149353992948
Batch1,q_c100,qc_c100,0.9995034111782171
Batch1,t_avg_100,t_max_100,0.9328910505805932
Batch1,t_max_100,delta_t_100,0.969437043289515
Batch1,ch_time_init_min,ch_time_c100_min,0.9986059338674681
Batch1,ch_time_init_min,ch_time_median_min,0.9984785393895952
Batch1,ch_time_c100_min,ch_time_median_min,0.9989343810728076
Batch2,qc_init_c2,ce_init_pct,-0.9310064515115606
Batch2,qc_init_c2,qc_c100,0.9764301821448012
Batch2,ce_init_pct,qc_c100,-0.9024220265071553
Batch2,ce_init_pct,ce_c100_pct,0.9799090318587437
Batch2,ir_init,ir_c100,0.9980454264721536
Batch2,t_min_100,delta_t_100,-0.9654281289087572
Batch2,ch_time_init_min,ch_time_c100_min,0.9251181897953998
Batch2,ch_time_init_min,ch_time_median_min,0.9762126064323833
Batch2,ch_time_c100_min,ch_time_median_min,0.9641954536553526
Batch3,q_init_c2,qc_init_c2,0.9990006997141603
Batch3,q_c100,qc_c100,0.9992998801466101
Batch3,ir_init,ir_c100,0.9838078269528475
Batch3,t_avg_100,t_max_100,0.9556096674652234
Batch3,t_max_100,delta_t_100,0.9701607291749667
Batch3,ch_time_init_min,ch_time_c100_min,0.9989135065066765
Batch3,ch_time_init_min,ch_time_avg_min,0.9998715778628976
Batch3,ch_time_init_min,ch_time_median_min,0.9999081306360666
Batch3,ch_time_c100_min,ch_time_avg_min,0.9994794718378368
Batch3,ch_time_c100_min,ch_time_median_min,0.9993873943520539
Batch3,ch_time_avg_min,ch_time_median_min,0.9999955348060409
