cell_id,batch,policy,cycle_life,n_cycles,q_init_c2,qc_init_c2,ce_init_pct,q_c100,qc_c100,ce_c100_pct,delta_q_100_2,ir_init,ir_c100,delta_ir_100_2,t_min_100,t_avg_100,t_max_100,delta_t_100,ch_time_init_min,ch_time_c100_min,ch_time_avg_min,ch_time_median_min
Batch1_c00,Batch1,3.6C(80%)-3.6C,1190.0,1189,1.0706892,1.0710422,99.96704144804004,1.0759126,1.075726,100.01734642464719,0.005223400000000211,0.016742354,0.016667154,-7.520000000000096e-05,29.012251,31.603747328822767,35.994705,6.982454000000004,13.341250000000006,13.340761666667337,13.384230505050484,13.358211666666708
Batch1_c01,Batch1,3.6C(80%)-3.6C,1179.0,1178,1.0753012,1.0750588,100.02254760390778,1.0806297,1.0804451,100.01708555113073,0.005328500000000069,0.017038831,0.01699684,-4.199100000000164e-05,29.230637,31.33031430692745,34.712265,5.481628000000001,13.426056666666652,13.341823333333014,13.374696464646446,13.341623333333215
Batch1_c02,Batch1,3.6C(80%)-3.6C,1177.0,1176,1.0799223,1.0797698,100.01412338074283,1.0849404,1.0846714,100.02480013762694,0.005018100000000025,0.01686798,0.016854173,-1.3807000000001096e-05,29.269444,31.47958411321121,35.127342,5.857897999999999,13.34142166666667,13.341546666666789,13.378886329966337,13.341569999999773
Batch1_c03,Batch1,4C(80%)-4C,1226.0,1225,1.0797229,1.0793147,100.037820294674,1.0847498,1.0843184,100.03978536193799,0.005026900000000056,0.016369704,0.016408285,3.858100000000281e-05,29.023619,29.942198807956427,31.691414,2.6677950000000017,12.008575000000018,12.092586666666708,12.053277171717166,12.092243333333318
Batch1_c04,Batch1,4C(80%)-4C,1227.0,1226,1.0784167,1.078509,99.99144188875569,1.0826457,1.0824925,100.0141525229967,0.004229000000000038,0.016787428,0.016734114,-5.331399999999875e-05,29.092649,31.44888383416564,35.651741,6.559092,12.008310000000014,12.008231666666688,12.053313636363642,12.092204999999861
Batch1_c05,Batch1,4.4C(80%)-4.4C,1074.0,1073,1.0761266,1.0761191,100.00069694887861,1.0797794,1.0795447,100.02174064677452,0.0036528000000000116,0.016437579,0.016325712,-0.0001118670000000016,28.914812,30.92149771366389,34.654667,5.739855000000002,11.001683333333313,10.91732333333348,15.07576803030309,10.91741500000062
Batch1_c06,Batch1,4.8C(80%)-4.8C,636.0,635,1.0758358,1.0752068,100.05850037406758,1.0792426,1.0787548,100.04521880227091,0.003406800000000043,0.017001977,0.016668631,-0.0003333460000000017,29.495056,32.27384521945563,36.496124,7.001068,10.179916666666653,10.092491666667048,10.04485760942758,10.008315000000099
Batch1_c07,Batch1,4.8C(80%)-4.8C,870.0,869,1.0938644,1.0936196,100.0223843830158,1.0957625,1.0954001,100.03308380198249,0.0018981000000000137,0.016311171,0.01627275,-3.842100000000029e-05,29.368095,31.990084509217034,36.053928,6.685832999999999,10.007885000000018,10.008900000000722,10.044094528619514,10.009005000000373
Batch1_c08,Batch1,5.4C(40%)-3.6C,879.0,878,1.0899748,1.0898467,100.01175394667892,1.0941359,1.0938087,100.02991382313925,0.004161099999999918,0.016807221,0.016829027,2.1805999999999215e-05,30.008883,32.076506270161325,35.160984,5.152100999999998,11.207988333333317,11.29118333333366,11.24361163299663,11.20847000000067
Batch1_c09,Batch1,5.4C(40%)-3.6C,1054.0,1053,1.0829742,1.0818604,100.10295228478645,1.0876312,1.087405,100.02080181717024,0.004656999999999911,0.016978227,0.016944561,-3.366599999999817e-05,29.999718,32.64153361126789,36.799232,6.799514000000002,11.208091666666649,11.208434999999978,11.241857609427619,11.208363333333303
Batch1_c10,Batch1,5.4C(50%)-3C,906.0,905,1.0752757,1.0746185,100.06115658719817,1.0816405,1.0809214,100.06652657630795,0.006364800000000059,0.016592897,0.016675979,8.308200000000168e-05,29.986389,33.208150668462316,37.614693,7.6283040000000035,11.734921666666681,11.734813333332811,11.688040235690274,11.652169999999993
Batch1_c11,Batch1,5.4C(50%)-3C,788.0,787,1.0537786,1.0528742,100.08589820132359,1.0599719,1.0593685,100.05695846157406,0.006193300000000068,0.016575078,0.0162715,-0.0003035779999999988,29.87781,32.75932260623101,37.128967,7.251157000000003,11.652421666666669,11.651796666666632,11.684114427609464,11.652381666667255
Batch1_c12,Batch1,5.4C(50%)-3.6C,902.0,901,1.077566,1.0773059,100.0241435603388,1.0819131,1.0815079,100.03746620806004,0.004347099999999937,0.016551878,0.016531222,-2.065599999999737e-05,30.105951,33.4580219141428,38.354816,8.248864999999999,10.65280833333333,10.652620000000267,10.68385405723906,10.65295333333294
Batch1_c13,Batch1,5.4C(50%)-3.6C,897.0,896,1.0797893,1.0798372,99.99556414615091,1.0836461,1.0834142,100.02140455607835,0.0038567999999998825,0.017159661,0.01714633,-1.3330999999998372e-05,29.757441,32.09216634315908,35.892479,6.1350380000000015,10.735956666666668,10.65258666666632,10.685353013468022,10.65265833333348
Batch1_c14,Batch1,5.4C(60%)-3C,880.0,879,1.0709661,1.0702432,100.06754539528959,1.0762016,1.0754719,100.067849285509,0.005235500000000171,0.017121186,0.017053071,-6.811500000000054e-05,29.769632,33.07746279993842,37.818813,8.049180999999997,10.762841666666676,10.84634500000005,14.925935387205387,10.763341666666626
Batch1_c15,Batch1,5.4C(60%)-3C,719.0,718,1.0611236,1.0602639,100.08108358683154,1.0677497,1.0670444,100.06609846788008,0.006626100000000079,0.017168047,0.016914751,-0.0002532960000000001,29.44138,33.147720104395674,38.47617,9.034790000000005,10.84662833333335,10.7632733333332,14.92770846801342,10.763519999999941
Batch1_c16,Batch1,5.4C(60%)-3.6C,862.0,861,1.0811664,1.0805537,100.0567024109954,1.0863206,1.085688,100.05826720015327,0.005154199999999998,0.01683085,0.016816031,-1.4819000000002719e-05,29.542667,32.41716254671688,37.566532,8.023865,10.09651166666669,10.09688666666625,10.12547436026938,10.09699833333337
Batch1_c17,Batch1,5.4C(60%)-3.6C,857.0,856,1.072052,1.0720162,100.00333950177244,1.0769763,1.0766997,100.0256896142908,0.004924300000000104,0.016778639,0.016800802,2.2162999999998656e-05,29.182228,32.088753858534446,37.208405,8.026177,10.096926666666665,10.18000666666679,10.13811205387206,10.103795000000051
Batch1_c18,Batch1,5.4C(70%)-3C,691.0,690,1.0661705,1.0658286,100.03207832854176,1.0645274,1.0641898,100.03172366433131,-0.0016430999999998974,0.019886132,0.015891589,-0.003994543,29.688587,31.831057275618022,36.084282,6.3956950000000035,9.958261666666688,9.958419999999267,9.925956313131316,9.957751666666688
Batch1_c19,Batch1,5.4C(70%)-3C,788.0,787,1.0851147,1.0851481,99.9969220791153,1.0870851,1.0869354,100.01377266763048,0.0019703999999998167,0.016449727,0.01638364,-6.60869999999994e-05,29.91865,33.044085397077396,37.49086,7.572209999999998,9.957943333333333,9.957793333332909,9.930255336700304,9.957913333333272
Batch1_c20,Batch1,5.4C(80%)-5.4C,534.0,533,1.07263,1.0719241,100.0658535431753,1.0612478,1.0606098,100.06015407362823,-0.011382199999999898,0.015740737,0.015160209,-0.000580528000000002,29.662241,32.15292201754506,35.504932,5.842690999999995,8.989326666666663,9.019490000000223,9.027207626262616,9.006340000000394
Batch1_c21,Batch1,5.4C(80%)-5.4C,559.0,558,1.0824388,1.0816174,100.07594182564002,1.0767291,1.0757223,100.09359292821205,-0.005709699999999929,0.015348774,0.015144967,-0.0002038070000000003,29.948643,33.13697371135653,37.615559,7.666915999999997,8.98454166666667,8.999223333333308,8.987271380471347,8.985736666666586
Batch1_c22,Batch1,6C(30%)-3.6C,891.0,890,1.0793039,1.0795349,99.97860189605726,1.0820541,1.0817369,100.02932321158684,0.002750199999999925,0.016732994,0.016682273,-5.07210000000001e-05,29.780579,32.84391283877385,37.758316,7.977737000000001,11.430919999999999,11.513294999999925,11.46291215488218,11.43029333333349
Batch1_c23,Batch1,6C(30%)-3.6C,1014.0,1013,1.0792934,1.0796089,99.97077645432528,1.0816909,1.0814841,100.01912187150972,0.0023974999999998303,0.016937815,0.016928671,-9.143999999999125e-06,29.545927,31.99077454717494,36.165897,6.619970000000002,11.430255000000004,11.42993499999963,11.458691784511789,11.430255000000004
Batch1_c24,Batch1,6C(40%)-3C,1017.0,1016,1.0745355,1.0744358,100.00927928872065,1.0776314,1.0773886,100.02253597262865,0.0030958999999999293,0.016687831,0.016682969,-4.86200000000131e-06,30.30908,33.378063951824195,37.596226,7.287146,12.097511666666682,12.180908333333598,12.128487205387225,12.098313333333742
Batch1_c25,Batch1,6C(40%)-3C,854.0,853,1.0752345,1.0747926,100.04111490905314,1.0780438,1.077424,100.05752609928868,0.0028093000000000146,0.016699277,0.016688013,-1.1263999999996943e-05,30.400667,33.848557073949294,38.670872,8.270205000000004,12.096136666666673,12.09632500000007,12.137498080808081,12.09737499999998
Batch1_c26,Batch1,6C(40%)-3.6C,870.0,869,1.0876514,1.0879872,99.96913566630195,1.0893713,1.0894202,99.99551137384822,0.0017199000000001075,0.016376387,0.016389275,1.2887999999999095e-05,30.189548,33.15641406115227,37.077717,6.888169000000001,10.76500499999999,10.764316666666613,10.800664208754247,10.765060000000327
Batch1_c27,Batch1,6C(40%)-3.6C,842.0,841,1.0790461,1.0795406,99.95419347822583,1.0810226,1.0810453,99.99790018050123,0.0019765000000000477,0.016174601,0.016206481,3.187999999999802e-05,30.495707,33.89497000372245,38.178074,7.682367000000003,10.847453333333336,10.846575000000303,10.803712340067367,10.763831666666677
Batch1_c28,Batch1,6C(50%)-3C,860.0,859,1.0777475,1.077327,100.03903178886264,1.0796947,1.0788379,100.07941878942145,0.0019471999999998157,0.016742077,0.016805848,6.377100000000066e-05,30.421293,33.773800525042,38.303513,7.882220000000004,11.096268333333319,11.096209999999457,11.138253585858592,11.178876666666474
Batch1_c29,Batch1,6C(50%)-3C,917.0,916,1.0794537,1.0796207,99.98453160447923,1.0818107,1.0815731,100.02196800197784,0.0023569999999999425,0.016626336,0.016644154,1.7818000000002776e-05,30.240517,32.70415601771739,36.258759,6.018241999999997,11.179560000000007,11.179210000000118,11.151875336700314,11.179469999999856
Batch1_c30,Batch1,6C(50%)-3.6C,709.0,708,1.0798637,1.0801311,99.97524374587492,1.0814074,1.0811175,100.02681484667487,0.0015437000000000367,0.016072329,0.016130757,5.842799999999926e-05,30.457619,33.54008830692456,37.483994,7.026375000000002,10.179951666666662,10.180128333333414,10.124524292929316,10.09681166666669
Batch1_c31,Batch1,6C(50%)-3.6C,876.0,875,1.0946392,1.0946599,99.99810900170912,1.0953494,1.0950044,100.0315067227127,0.0007101999999998831,0.016952254,0.016962912,1.0658000000000195e-05,29.649641,30.375396745150564,31.658901,2.009260000000001,10.09714833333334,10.096654999999252,10.126957558922545,10.096814999999818
Batch1_c32,Batch1,6C(60%)-3C,731.0,730,1.0778366,1.0779539,99.98911827305416,1.0793804,1.0789968,100.03555154195081,0.001543800000000095,0.016239462,0.016290806,5.134400000000178e-05,30.193592,33.08050304573434,37.14436,6.950768,10.096370000000025,10.096371666666043,10.129902676767715,10.096439999999953
Batch1_c33,Batch1,6C(60%)-3C,757.0,756,1.0924908,1.0925435,99.99517639343422,1.0937657,1.0933089,100.04178142151774,0.0012749000000000787,0.016591828,0.016574621,-1.720699999999825e-05,30.119719,33.67169761442224,38.728722,8.609002999999998,10.179655000000002,10.179843333333459,10.129993047138067,10.096583333333305
Batch1_c34,Batch1,7C(30%)-3.6C,742.0,741,1.0766174,1.0769212,99.97178995083392,1.0794187,1.0793046,100.01057162176461,0.0028013000000000066,0.0169825,0.016954124,-2.8376000000000096e-05,29.709148,32.66455167507311,37.240925,7.531776999999998,11.084971666666661,11.08426000000036,11.035507962962974,11.001284999999916
Batch1_c35,Batch1,7C(30%)-3.6C,703.0,702,1.0707464,1.0711591,99.96147164319473,1.0739936,1.0738658,100.0119009284028,0.0032472000000001167,0.017059039,0.017091474,3.243499999999733e-05,29.54327,32.09733437854189,36.075569,6.532299000000002,11.001165000000007,11.0844749999999,11.036444074074083,11.001281666666667
Batch1_c36,Batch1,7C(40%)-3C,704.0,703,1.0778315,1.0780448,99.98021418033834,1.0802411,1.0799665,100.02542671462496,0.0024096000000000117,0.016480684,0.016568536,8.785199999999938e-05,30.028351,32.04688205693082,34.868446,4.840094999999998,11.524544999999973,11.524375000000388,11.554803670033683,11.52468333333333
Batch1_c37,Batch1,7C(40%)-3C,648.0,647,1.0748194,1.0751489,99.96935308216376,1.0768065,1.0766187,100.0174435015851,0.0019871000000000194,0.016607935,0.016675115,6.718000000000002e-05,29.988958,32.95969887229894,36.993626,7.004667999999999,11.607248333333336,11.607541666666899,11.561455202020227,11.524764999999995
Batch1_c38,Batch1,7C(40%)-3.6C,617.0,616,1.0729513,1.0734044,99.95778850915833,1.0749754,1.0750053,99.99721861836403,0.002024100000000084,0.016260354,0.016349318,8.89640000000004e-05,30.288816,33.69474656343401,37.995705,7.706889,10.192420000000007,10.275473333333503,10.23158840067342,10.193719999999969
Batch1_c39,Batch1,7C(40%)-3.6C,625.0,624,1.0817773,1.0821489,99.96566091782748,1.0847629,1.0847294,100.00308832783548,0.0029856000000001437,0.016743599,0.01683517,9.157099999999863e-05,30.181021,33.50643317156701,38.024876,7.843854999999998,10.192458333333313,10.274961666666787,10.242025976430945,10.274616666666892
Batch1_c40,Batch1,8C(15%)-3.6C,966.0,965,1.0833029,1.0839939,99.93625425382929,1.0857353,1.0858712,99.98748470352655,0.0024324000000000012,0.016756468,0.016823037,6.656899999999896e-05,30.003733,33.45968416375564,38.388569,8.384835999999996,12.138396666666662,12.137911666666817,12.087224326599337,12.054698333333363
Batch1_c41,Batch1,8C(15%)-3.6C,1051.0,1050,1.0789614,1.0794086,99.9585699057799,1.0821686,1.0821786,99.99907593811224,0.0032071999999998546,0.016856873,0.016855884,-9.889999999998511e-07,30.021296,33.07332253245542,37.576675,7.555379000000002,12.136991666666685,12.136911666666856,12.091290892255918,12.054646666666182
Batch1_c42,Batch1,8C(25%)-3.6C,702.0,701,1.0798725,1.0803403,99.9566988290634,1.0832821,1.083336,99.99502462763166,0.0034095999999999016,0.0167679,0.016871214,0.00010331400000000018,30.125891,33.58506724391689,38.397423,8.271532000000004,11.221110000000014,11.137558333333194,11.178124326599383,11.138530000000417
Batch1_c43,Batch1,8C(25%)-3.6C,651.0,650,1.0682389,1.068558,99.97013732525518,1.0688359,1.0686842,100.0141950259955,0.0005969999999999587,0.016111452,0.016239306,0.00012785400000000016,30.034327,33.339782658681436,37.725166,7.690839,11.137388333333336,11.221074999999837,11.17782324915825,11.138113333333118
Batch1_c44,Batch1,8C(35%)-3.6C,616.0,615,1.0847682,1.0850911,99.97024212990043,1.0847102,1.0846453,100.00598352290835,-5.8000000000113516e-05,0.017436398,0.017589169,0.00015277100000000293,29.747217,32.55333216968653,36.804283,7.057065999999999,10.304475000000002,10.22133333333283,10.258049427609434,10.22140833333348
Batch1_c45,Batch1,8C(35%)-3.6C,599.0,598,1.0839558,1.0840697,99.98949329549568,1.0858277,1.0855405,100.02645686641816,0.0018719000000000374,0.016685704,0.016836088,0.00015038399999999993,29.696999,33.0005473910965,37.855122,8.158123,10.304489999999987,10.221515000000363,10.257274326599303,10.221549999999842
Batch2_c00,Batch2,5.2C(58%)-4C,477.0,496,1.1020051,1.0952905,100.61304284114581,1.1052729,1.09404,101.02673576834485,0.003267799999999932,0.017402707,0.017472349,6.96420000000017e-05,28.851412,31.808470926230026,36.404427,7.5530149999999985,10.174119999999919,10.17378000000026,10.17325806397317,10.173188333333625
Batch2_c01,Batch2,5.6C(26%)-4.5C,491.0,513,1.1057826,1.1554223,95.70376130008916,1.1015422,1.135373,97.02029200976241,-0.004240400000000033,0.01817438,0.01748017,-0.0006942100000000007,29.748539199568196,33.60099815475848,37.4468,7.698260800431807,10.174206666666821,10.171570000000065,10.198514225589118,10.176856666666572
Batch2_c02,Batch2,5.2C(50%)-4.25C,424.0,439,1.0753863,1.0657096,100.90800533278484,1.0728362,1.0647012,100.76406413367431,-0.0025500999999998886,0.016669566,0.016570868,-9.869800000000123e-05,30.291048,33.17566129490617,38.33985803206289,8.048810032062892,10.174533333333239,10.174986666666033,10.17503702020208,10.174891666667342
Batch2_c03,Batch2,4.65C(44%)-5C,499.0,517,1.0959566,1.0902821,100.52046163098522,1.1003293,1.0914736,100.81135265204766,0.004372700000000007,0.016083341,0.016047783,-3.5558000000001505e-05,30.19519,33.93805810095692,39.422000644443116,9.226810644443116,10.173233333333338,10.173715000000083,10.173178956229002,10.173140000000421
Batch2_c04,Batch2,4.65C(69%)-6C,444.0,464,1.0899745,1.0880741,100.1746572223344,1.0813601,1.0779012,100.32089211886952,-0.008614400000000133,0.017068394,0.016164802,-0.0009035920000000017,29.809912,33.04820861652687,38.209395652763355,8.399483652763355,10.229458333333362,10.272591666665782,10.231960420875373,10.229923333332408
Batch2_c05,Batch2,3.6C(30%)-6C,416.0,445,1.0989141,1.0929602,100.54474993691444,1.0760076,1.0729631,100.28374694339443,-0.02290649999999994,0.016014345,0.015297641,-0.0007167039999999986,30.103149270492455,33.01307013030371,38.388368590154755,8.2852193196623,10.178749999999855,10.23735666666568,10.198699713804725,10.201064999999168
Batch2_c06,Batch2,3.6C(9%)-5C,393.0,409,1.0885617,1.081176,100.6831172723035,1.090597,1.082263,100.77005312017504,0.002035299999999962,0.016595399,0.016069336,-0.0005260630000000002,30.021366,33.81904518975318,40.4669448483313,10.445578848331301,10.178309999999813,10.179319999999523,10.17931370370378,10.179401666667157
Batch2_c07,Batch2,4.8C(80%)-4.8C-newstructure,777.0,806,1.0904776,1.0820364,100.7801216299193,1.09727,1.0863312,101.00694889367072,0.006792399999999921,0.014809063,0.014822467,1.3403999999999847e-05,29.833401,33.769687089746824,37.918381,8.084979999999998,10.036841666666684,10.036468333333808,10.035777525252517,10.035609999999481
Batch2_c08,Batch2,5.2C(58%)-4C-newstructure,904.0,947,1.0906329,1.0838645,100.62446920256174,1.0909338,1.0826566,100.76452681302641,0.00030090000000004835,0.016484642,0.016514871,3.0228999999999673e-05,30.369265,33.59868374090274,36.451335340457405,6.082070340457406,10.039259999999922,10.03871166666698,10.03986983164983,10.039828333334299
Batch2_c09,Batch2,5.6C(26%)-4.5C-newstructure,791.0,819,1.0949715,1.0886725,100.578594572748,1.0975486,1.0881999,100.85909767130103,0.00257710000000011,0.015408114,0.015355112,-5.300199999999991e-05,30.423269501409568,32.3508526526095,35.00847845562602,4.585208954216451,10.039878333333279,10.040635000000474,10.039928501683493,10.040233333333406
Batch2_c10,Batch2,4.8C(80%)-4.8C,492.0,519,1.1092782,1.1005182,100.79598865334532,1.1162933,1.0978123,101.68343896310871,0.00701509999999983,0.017335583,0.017032536,-0.00030304700000000073,28.906555794473437,31.720791269063756,35.078796,6.17224020552656,10.171468333333177,10.086493333332085,10.169499612794551,10.17084500000031
Batch2_c11,Batch2,5.2C(50%)-4.25C,449.0,468,1.0959171,1.0885181,100.67973146243506,1.1086942,1.0930034,101.43556735505123,0.012777099999999875,0.017361749,0.017377542,1.5793000000000057e-05,29.651962,33.146477466034135,39.423817,9.771854999999999,10.173326666666496,10.174293333332752,10.173883215488235,10.173753333333298
Batch2_c12,Batch2,4.65C(44%)-5C,466.0,493,1.1016457,1.0945922,100.64439523687452,1.1065857,1.0885503,101.65682743369781,0.0049399999999999444,0.017251369,0.016230639,-0.0010207299999999975,29.339239609224805,31.314676947956993,35.747711,6.408471390775198,10.175130000000111,10.176350000000093,10.174858552188601,10.174634999999155
Batch2_c13,Batch2,4.65C(69%)-6C,460.0,483,1.0954365,1.0958161,99.96535915104732,1.0951428,1.0890263,100.56164851115166,-0.0002936999999998413,0.016970724,0.015877165,-0.0010935590000000009,29.518279358797542,31.946988973926523,36.19238897679291,6.67410961799537,10.21198666666678,10.234323333333789,10.214119579124512,10.21302999999995
Batch2_c14,Batch2,3.6C(30%)-6C,426.0,461,1.0844886,1.0822108,100.21047655410572,1.0776343,1.0726225,100.46724733072445,-0.006854300000000091,0.017186515,0.016307713,-0.000878801999999998,29.961967688101996,32.123877001585356,36.56760277779107,6.605635089689077,10.210560000000017,10.292016666665829,49.87950749158258,10.241060000000289
Batch2_c15,Batch2,3.6C(9%)-5C,396.0,414,1.0697494,1.0620266,100.72717576000451,1.0770745,1.0639858,101.23015739495771,0.007325099999999862,0.017212247,0.016250428,-0.0009618189999999992,30.733528,32.862747677246595,36.649116879455384,5.915588879455385,10.173103333333225,10.181714999999773,10.173053501683547,10.174996666668449
Batch2_c16,Batch2,4.8C(80%)-4.8C,472.0,499,1.0945363,1.0912521,100.3009570382499,1.0940695,1.0886981,100.49337828365825,-0.0004667999999998784,0.017776627,0.017497422,-0.0002792050000000011,30.168455,32.7673986704417,37.601054318286856,7.432599318286854,10.173238333333332,10.17161999999856,10.171620942760958,10.171568333332349
Batch2_c17,Batch2,5.6C(26%)-4.5C,471.0,494,1.0917177,1.1161903,97.80748856176228,1.0944375,1.1210761,97.62383659771177,0.002719799999999939,0.017503092,0.017077988,-0.00042510400000000254,30.341412,32.988612809790894,35.36969,5.028278,10.175564999999915,10.177283333333131,10.181222777777869,10.17710500000006
Batch2_c18,Batch2,5.2C(50%)-4.25C,449.0,467,1.0756292,1.0716392,100.3723268055144,1.0858426,1.0791432,100.6208073219569,0.010213400000000039,0.01680507,0.016764851,-4.021899999999759e-05,30.155224,32.88627829858526,36.964727535985794,6.809503535985794,10.17538333333335,10.174393333333622,10.174147626262663,10.173984999999327
Batch2_c19,Batch2,6C(60%)-3C,392.0,411,1.0902406,1.0872377,100.2761953526814,1.0930592,1.0860962,100.64110343080105,0.0028185999999998934,0.016772689,0.016835213,6.25240000000013e-05,30.041353,32.770067410122046,37.29125540144077,7.249902401440771,10.174568333333445,10.174098333334163,10.173763619528666,10.174568333333445
Batch2_c20,Batch2,5.2C(58%)-4C,489.0,506,1.0977259,1.0890605,100.79567664055394,1.1038647,1.0899764,101.2741835511301,0.0061388,0.016656091,0.016847031,0.00019093999999999708,30.464781,33.61911118506716,37.85651,7.3917290000000015,10.172825000000012,10.174524999999752,49.79333134680135,10.172901666666924
Batch2_c21,Batch2,6C(60%)-3C,408.0,426,1.0985936,1.0937034,100.44712304999692,1.1000447,1.0931346,100.63213624378919,0.0014510999999999274,0.017283741,0.017412279,0.00012853800000000096,30.169489264517047,33.60118814118363,39.554886,9.385396735482956,10.174428333333344,10.175105000000137,10.174732340067363,10.174735000000025
Batch2_c24,Batch2,4.8C(80%)-4.8C,514.0,536,1.0923017,1.0858071,100.5981357093723,1.1019264,1.0865915,101.4112847376406,0.009624700000000042,0.016653664,0.016512815,-0.00014084899999999845,29.545424324822893,33.206377241160645,39.222355,9.676930675177108,10.169991666666707,10.169143333334553,10.16999885521886,10.16985833333456
Batch2_c25,Batch2,5.2C(58%)-4C,493.0,511,1.098838,1.0912305,100.69714876921054,1.1063702,1.0930467,101.21893236583578,0.007532199999999989,0.016827697,0.016851498,2.3801000000000377e-05,30.123915,32.23848796399698,35.15638,5.032464999999998,10.17162500000001,10.172024999999364,10.172931649831627,10.173028333333786
Batch2_c26,Batch2,5.6C(26%)-4.5C,450.0,476,1.1043522,1.1605097,95.16096246330383,1.1065354,1.1536331,95.91744550325403,0.002183200000000163,0.018412031,0.01758286,-0.0008291710000000001,30.030421675893816,33.75843376995604,38.98082610957073,8.950404433676912,10.180911666666605,10.177054999999624,49.8213119360269,10.177568333333571
Batch2_c27,Batch2,5.2C(50%)-4.25C,474.0,493,1.0925682,1.0856375,100.63839909730459,1.1031471,1.088226,101.37113981838333,0.010578899999999836,0.017678261,0.01780102,0.00012275900000000006,30.006104329573958,33.30411096115286,39.292397,9.286292670426043,10.174338333333193,10.174634999999155,10.17464639730628,10.174634999999641
Batch2_c28,Batch2,4.8C(80%)-4.8C,437.0,456,1.0904486,1.0822484,100.75770035788456,1.0995919,1.0812008,101.70098838254653,0.009143300000000076,0.016827082,0.016172467,-0.0006546150000000008,29.689555895282943,32.143914131113334,35.97005389341205,6.280497998129107,10.173883333333409,10.174231666666067,49.80539951178444,10.17329833333303
Batch2_c29,Batch2,5.2C(58%)-4C,452.0,470,1.1032062,1.0953276,100.71929165301779,1.1159806,1.0983657,101.60373726164246,0.012774400000000075,0.016795976,0.016906593,0.00011061700000000035,29.61923518807385,31.797490897448796,35.143738,5.524502811926148,10.17302166666656,10.172513333333578,10.173048585858563,10.172915000000891
Batch2_c30,Batch2,5.6C(26%)-4.5C,412.0,429,1.0946374,1.1541324,94.84504550777712,1.092545,1.140591,95.78762238173019,-0.0020923999999999943,0.017830005,0.01676775,-0.001062254999999998,29.889199981272736,33.81182141567536,38.2883066025032,8.399106621230462,10.254566666666749,10.175660000000304,49.82939452861952,10.179339999999987
Batch2_c31,Batch2,5.6C(26%)-4.5C,425.0,446,1.0990092,1.1595504,94.77890741101032,1.1006228,1.1516495,95.56925088753133,0.0016135999999999928,0.016888967,0.016207041,-0.0006819260000000028,29.959369058435346,33.3758501254003,37.238895,7.279525941564653,10.17718833333347,10.179201666665419,10.194512441077386,10.178381666667216
Batch2_c32,Batch2,4.8C(80%)-4.8C-newstructure,809.0,834,1.0881557,1.0801306,100.74297496987865,1.0874337,1.0773393,100.93697500870896,-0.0007219999999998894,0.014826416,0.01476752,-5.889600000000099e-05,29.949444,32.16894887045923,34.753593,4.8041490000000024,10.040483333333395,10.042115000000923,49.67143777777785,10.04089833333322
Batch2_c33,Batch2,5.2C(58%)-4C-newstructure,1140.0,1190,1.0732747,1.0715101,100.16468346868592,1.0686773,1.0668466,100.1715991783636,-0.004597399999999974,0.015095364,0.015007826,-8.753799999999985e-05,30.171801,32.74157143407892,35.019115,4.847314000000001,10.038451666666514,10.040643333333234,10.03956353535346,10.039278333333398
Batch2_c34,Batch2,5.6C(26%)-4.5C-newstructure,1186.0,1252,1.0671737,1.0651716,100.18796032489037,1.0644548,1.0622864,100.204125742361,-0.0027188999999998575,0.015062638,0.01494381,-0.00011882799999999964,30.77528232546755,35.66789148456313,39.697674,8.922391674532449,10.03998166666667,10.040456666665461,49.6776396632997,10.040186666666704
Batch2_c41,Batch2,5.6C(26%)-4.5C,442.0,463,1.1049188,1.1664145,94.72780045172622,1.108752,1.1586753,95.69134683375057,0.00383319999999987,0.0,0.0,0.0,0.0,30.193787010451164,34.98487001858617,34.98487001858617,10.17818833333343,10.178333333332557,49.81976715488214,10.177141666666527
Batch2_c42,Batch2,5.2C(50%)-4.25C,474.0,497,1.1024443,1.0926594,100.89551236185767,1.1133598,1.0930601,101.8571439941866,0.010915500000000078,0.0,0.0,0.0,29.125111,31.709620029469267,36.76044310987061,7.635332109870607,10.175045000000198,10.175580000000386,10.175111565656564,10.175185000000056
Batch2_c43,Batch2,4.8C(80%)-4.8C-newstructure,1029.0,1061,1.0974334,1.0906457,100.62235609602641,1.0966223,1.0868039,100.90341965096002,-0.0008110999999999535,0.0,0.0,0.0,30.231243,33.92914533704784,38.4212899272313,8.1900469272313,10.03631333333348,10.034716666666403,10.036751245791278,10.03683833333295
Batch2_c44,Batch2,5.2C(58%)-4C-newstructure,841.0,874,1.09659,1.0895487,100.64625840038175,1.0974951,1.088414,100.8343424468998,0.000905099999999992,0.0,0.0,0.0,30.372488119722746,33.95995836968299,37.579971,7.207482880277254,10.040853333333265,10.040639999999742,49.66138013468012,10.04033000000054
Batch2_c45,Batch2,5.6C(26%)-4.5C-newstructure,997.0,1027,1.1030351,1.094577,100.77272772952475,1.0995457,1.0918291,100.70675896072012,-0.003489400000000087,0.0,0.0,0.0,31.853023796346278,35.271412144027664,38.42024558425599,6.567221787909709,10.04034500000004,10.039298333334349,10.040190555555519,10.040363333333516
Batch2_c46,Batch2,4.8C(80%)-4.8C,503.0,523,1.100943,1.0933981,100.69004144053298,1.0998453,1.0911052,100.80103183451052,-0.0010977000000000903,0.0,0.0,0.0,0.0,29.88150861827619,31.867259462197975,31.867259462197975,10.171601666666781,10.16895333333329,49.80284373737375,10.169801666667142
Batch3_c00,Batch3,5C(67%)-4C-newstructure,1009.0,1008,1.0674551,1.0669638,100.04604654815846,1.0694544,1.0691016,100.03299967000329,0.001999299999999815,0.015398955,0.015270543,-0.00012841200000000136,30.642652233872806,32.194853230782606,33.974361,3.3317087661271962,10.043255000000014,10.042268333333777,10.042610084175084,10.042381666666673
Batch3_c01,Batch3,5.3C(54%)-4C-newstructure,1063.0,1062,1.0650603,1.064267,100.07453956572927,1.0664777,1.0660211,100.04283217283412,0.001417400000000013,0.015162034,0.015059211,-0.00010282300000000015,31.221146,34.83231929224147,38.707848,7.4867019999999975,10.040876666666493,10.043003333333763,10.041381363636303,10.041276666666574
Batch3_c02,Batch3,5.6C(19%)-4.6C-newstructure,1267.0,1266,1.060818,1.0599174,100.08496888531127,1.0606135,1.060109,100.04758944599095,-0.00020449999999994084,0.01489381,0.01447712,-0.0004166900000000008,31.90753,36.79033178065713,41.645876083931206,9.738346083931205,10.042526666666769,10.042735000000297,10.043663265993228,10.043701666666312
Batch3_c03,Batch3,5.6C(36%)-4.3C-newstructure,1115.0,1114,1.0628892,1.0622263,100.062406664192,1.0635946,1.0628984,100.06550014563953,0.0007053999999999672,0.015006617,0.015062672,5.60549999999993e-05,31.780437,36.08374244976545,40.076626,8.296188999999998,10.042306666666748,10.040750000000116,10.041502946127975,10.04134666666602
Batch3_c04,Batch3,5.6C(19%)-4.6C-newstructure,1048.0,1047,1.0724765,1.0718852,100.05516448963003,1.0738586,1.0734841,100.03488640399985,0.0013821000000000527,0.015246842,0.015179508,-6.733400000000049e-05,30.86325642415428,32.11715379681872,33.39357830787951,2.530321883725229,10.042731666666805,10.044940000000254,10.045573973063998,10.045795000000119
Batch3_c05,Batch3,5.6C(36%)-4.3C-newstructure,828.0,827,1.0514506,1.0502399,100.1152784235297,1.0518515,1.0513389,100.04875687563735,0.00040090000000003734,0.015374157,0.015206923,-0.00016723399999999874,31.605618939619383,35.56013985266867,40.19554382518285,8.58992488556347,10.040643333333476,10.042336666666476,10.042010656565727,10.042009999999815
Batch3_c06,Batch3,3.7C(31%)-5.9C-newstructure,667.0,666,1.0626124,1.0622228,100.0366778043175,1.04378,1.0434068,100.03576744947415,-0.01883239999999997,0.013527169,0.013847317,0.00032014799999999927,30.943061172088374,34.1072055276095,37.461433,6.518371827911626,10.064893333333506,10.119386666666832,10.080923367003404,10.077968333333168
Batch3_c07,Batch3,4.8C(80%)-4.8C-newstructure,1836.0,1835,1.0675218,1.066785,100.0690673378422,1.0684743,1.0696391,99.89110345723151,0.0009525000000001338,0.015535541,0.015500138,-3.5402999999999823e-05,31.00022334239158,32.79694473003086,34.60008198094648,3.599858638554899,11.037164999999852,11.038363333332624,11.040740218855252,11.038663333333291
Batch3_c08,Batch3,5C(67%)-4C-newstructure,828.0,827,1.0647362,1.0644197,100.02973451167804,1.067026,1.0671186,99.9913224265794,0.0022898000000000085,0.015438134,0.015265453,-0.00017268099999999918,30.969942,33.05552416009523,35.5458971642776,4.575955164277598,10.044763333333442,10.04391333333333,10.043270673400722,10.043123333332671
Batch3_c09,Batch3,5.3C(54%)-4C-newstructure,1039.0,1038,1.0694826,1.0688168,100.06229318251734,1.0724456,1.0721829,100.02450141668926,0.002963000000000049,0.015903223,0.015873827,-2.9396000000000977e-05,31.020124803456543,33.08832983925303,35.6854391223452,4.665314318888658,10.042160000000148,10.041120000000229,10.04115065656567,10.041699999999643
Batch3_c10,Batch3,4.8C(80%)-4.8C-newstructure,1078.0,1077,1.0617746,1.0610918,100.0643488150601,1.0623909,1.0634496,99.900446622012,0.0006163000000001251,0.015551002,0.015407138,-0.00014386399999999876,30.42616190989248,32.5348014795901,35.20887742320281,4.782715513310329,11.038344999999996,11.038788333333407,11.039443922558931,11.038110000000112
Batch3_c11,Batch3,5.6C(19%)-4.6C-newstructure,817.0,816,1.0680679,1.0675462,100.04886907938972,1.0682998,1.0681744,100.01173965599624,0.0002318999999999516,0.015608084,0.015558524,-4.955999999999884e-05,31.117903,34.20373702283128,38.22832463770115,7.110421637701151,10.040853333333265,10.043194999999832,10.042466936026983,10.04273000000006
Batch3_c12,Batch3,5.6C(36%)-4.3C-newstructure,932.0,931,1.0741653,1.0736545,100.04757582630165,1.0755343,1.0753022,100.02158462988358,0.0013689999999999536,0.016139418,0.016099032,-4.0385999999999894e-05,30.951786787726437,33.2205731520236,36.11585579982815,5.164069012101709,10.043543333333218,10.041874999999225,10.042442037037002,10.042369999999938
Batch3_c13,Batch3,5.6C(19%)-4.6C-newstructure,816.0,815,1.065558,1.0649482,100.05726100105153,1.067306,1.0672287,100.00724305858716,0.0017480000000000828,0.015250437,0.015105296,-0.00014514099999999967,31.008408624872537,34.11768528185422,37.80334001741199,6.794931392539453,10.041723333333357,10.043174999999852,10.042358249158227,10.04230333333253
Batch3_c14,Batch3,5.6C(36%)-4.3C-newstructure,858.0,857,1.0727056,1.0720137,100.06454208560953,1.0763919,1.0758883,100.046807833118,0.0036863000000000312,0.015668793,0.015591383,-7.740999999999998e-05,30.790092,33.11953606667905,36.101499457512425,5.3114074575124235,10.041861666666712,10.041273333333084,10.041858265993287,10.04188833333319
Batch3_c15,Batch3,5.9C(15%)-4.6C-newstructure,876.0,875,1.0684187,1.0681897,100.02143813968625,1.0693594,1.0694052,99.99571724543699,0.0009406999999999055,0.015417448,0.015327176,-9.027200000000062e-05,30.48859917220236,33.51055049283859,37.344582,6.855982827797643,10.042438333333363,10.042576666666234,10.04163658249164,10.041688333333392
Batch3_c16,Batch3,4.8C(80%)-4.8C-newstructure,1638.0,1637,1.061009,1.0593414,100.15741856213683,1.0625579,1.0624835,100.0070024616853,0.0015488999999999642,0.015453937,0.015333001,-0.00012093599999999857,31.641069440702125,34.94134876933804,38.21816186151848,6.577092420816356,11.055203333333338,11.04018666666622,11.040587407407404,11.040201666666933
Batch3_c17,Batch3,5.3C(54%)-4C-newstructure,1315.0,1314,1.0664514,1.065001,100.13618766555147,1.0664585,1.0656723,100.07377502446109,7.0999999999266095e-06,0.015524552,0.015362277,-0.00016227499999999992,31.041136885840285,35.07228784758459,38.138309,7.097172114159715,10.041936666666636,10.04078833333333,10.042102811447801,10.042456666666356
Batch3_c18,Batch3,5.6C(19%)-4.6C-newstructure,1146.0,1145,1.0680237,1.0678946,100.0120892080548,1.0670015,1.0669243,100.0072357523397,-0.0010221999999999731,0.015098186,0.015060746,-3.7439999999999696e-05,32.020798,35.2914180269327,38.518787,6.497989000000004,10.04401999999997,10.042154999999912,10.04310829966328,10.043134999999893
Batch3_c19,Batch3,5.6C(36%)-4.3C-newstructure,1155.0,1154,1.0719248,1.0712141,100.06634528055596,1.0708553,1.0705425,100.02921883063962,-0.0010694999999998345,0.015555796,0.015513306,-4.249000000000093e-05,31.769892,35.09835953689969,38.401493,6.631601000000003,10.043231666666543,10.043530000000223,10.043189629629584,10.043324999999944
Batch3_c20,Batch3,5C(67%)-4C-newstructure,813.0,812,1.0650502,1.0641267,100.08678477854187,1.0664401,1.0659708,100.0440255961983,0.001389899999999944,0.015409848,0.015333491,-7.635700000000085e-05,30.598567437403773,33.10212248197412,36.232254,5.633686562596225,10.042571666666724,10.04352666666673,10.043380471380493,10.043170000000584
Batch3_c21,Batch3,3.7C(31%)-5.9C-newstructure,772.0,771,1.0678563,1.0677319,100.01165086479106,1.0538316,1.0536977,100.01270762952221,-0.014024700000000001,0.013943589,0.014177526,0.00023393700000000003,31.554761921167493,34.900399416468076,38.317612,6.762850078832503,10.072168333333442,10.10556833333297,10.079161515151517,10.075993333333463
Batch3_c22,Batch3,5.9C(60%)-3.1C-newstructure,1002.0,1001,1.0562643,1.0557892,100.04499951316039,1.0569046,1.0567614,100.01355083560016,0.000640299999999927,0.015852775,0.015729792,-0.00012298300000000012,31.405123,34.61069656408486,37.97354076473168,6.568417764731681,10.04372333333328,10.042656666666153,10.04255023569017,10.042931666666602
Batch3_c24,Batch3,5C(67%)-4C-newstructure,825.0,824,1.0462732,1.0460804,100.01843070570867,1.050084,1.0501251,99.99608618058934,0.003810800000000114,0.015751192,0.015600633,-0.0001505590000000015,31.712324162858778,34.68760501613314,37.871063,6.158738837141222,10.042218333333343,10.041419999999926,10.041832441077416,10.04188833333319
Batch3_c25,Batch3,5.3C(54%)-4C-newstructure,989.0,988,1.0611302,1.0606843,100.0420388988505,1.0643663,1.0641642,100.01899143008195,0.003236100000000075,0.015752004,0.015702758,-4.924599999999932e-05,31.926973,35.58186389191699,39.595110804534556,7.668137804534556,10.042588333333454,10.043653333333593,10.042413013468028,10.04240666666689
Batch3_c26,Batch3,5.6C(19%)-4.6C-newstructure,1028.0,1027,1.0720186,1.0715084,100.04761511902286,1.074435,1.0742774,100.01467032630494,0.0024163999999999852,0.015693368,0.015650999,-4.2369000000000434e-05,31.812666,35.745916536891265,39.786995,7.974328999999997,10.04122499999988,10.043570000000182,10.042290858585826,10.042310000000482
Batch3_c27,Batch3,5.6C(36%)-4.3C-newstructure,850.0,849,1.0604171,1.059994,100.03991532027538,1.0627574,1.062631,100.0118950040042,0.002340299999999962,0.015073455,0.014973907,-9.954799999999965e-05,31.88298,35.30844806776433,38.98098,7.0980000000000025,10.046106666666553,10.044306666666914,10.045002356902378,10.044954999999996
Batch3_c28,Batch3,3.7C(31%)-5.9C-newstructure,541.0,540,1.0518668,1.0517926,100.00705462274597,1.0340093,1.0340019,100.00071566599635,-0.01785750000000008,0.013169404,0.013605327,0.00043592300000000125,31.972694,35.69688828820833,39.85648636436463,7.883792364364627,10.060374999999961,10.14409666666664,10.088611986532047,10.083603333333546
Batch3_c29,Batch3,5.9C(15%)-4.6C-newstructure,858.0,857,1.0663688,1.0659409,100.04014293850625,1.0696349,1.0695249,100.01028494053763,0.0032661000000000495,0.014962286,0.014796775,-0.00016551100000000013,30.393116,31.262889334066085,31.999889,1.6067730000000005,10.040833333333286,10.040804999999818,10.041979612794579,10.041565000000022
Batch3_c30,Batch3,5.3C(54%)-4C-newstructure,935.0,934,1.0687393,1.0680537,100.06419152894652,1.0710108,1.0707169,100.02744889895732,0.002271499999999982,0.015732529,0.015618403,-0.00011412599999999912,30.474829,32.24311941023021,34.756857996430846,4.282028996430846,10.043243333333278,10.043581666667402,10.04344259259257,10.043569999999212
Batch3_c31,Batch3,5.9C(60%)-3.1C-newstructure,731.0,730,1.0681812,1.0676646,100.04838598188981,1.0698149,1.069741,100.00690821423129,0.0016336999999999602,0.015983483,0.015953651,-2.983200000000047e-05,30.816336554657795,34.00003070157337,37.242977,6.426640445342208,10.045016666666681,10.045968333333924,10.045700723905673,10.045905000000493
Batch3_c33,Batch3,5C(67%)-4C-newstructure,1284.0,1283,1.060272,1.0601134,100.01496066364221,1.0609198,1.0609106,100.00086717957197,0.0006477999999998652,0.015511206,0.015357213,-0.00015399299999999984,31.415869,33.10710984192206,34.695709,3.27984,10.043548333333456,10.043166666667094,10.043259696969717,10.043294999999732
Batch3_c34,Batch3,5.3C(54%)-4C-newstructure,1158.0,1157,1.061535,1.0609888,100.05148027952791,1.0615493,1.0614514,100.00922322020584,1.430000000013365e-05,0.015438841,0.015331933,-0.00010690799999999931,31.956257,35.77943527518051,39.49040963165045,7.53415263165045,10.04453999999993,10.043611666665917,10.043539814814821,10.043899999999848
Batch3_c35,Batch3,5.6C(19%)-4.6C-newstructure,1093.0,1092,1.0633804,1.0630448,100.03156969489903,1.0632331,1.0630587,100.01640549106084,-0.00014730000000007237,0.01549053,0.015414515,-7.601500000000046e-05,31.761244,35.532941501822236,39.086731,7.325486999999999,10.043568333333436,10.042626666666669,10.043588619528593,10.043591666666423
Batch3_c36,Batch3,5.6C(36%)-4.3C-newstructure,923.0,922,1.0575287,1.0571625,100.03463989689381,1.0577667,1.0576224,100.01364381087237,0.00023799999999996047,0.015267849,0.015179561,-8.82880000000006e-05,31.939495,35.87907157748097,39.893036,7.953541000000001,10.043478333333285,10.04406500000041,10.043494949494974,10.04348499999954
Batch3_c37,Batch3,4.8C(80%)-4.8C-newstructure,1390.0,1389,1.0465839,1.045419,100.1114290059775,1.0483961,1.0481449,100.02396615200817,0.0018122000000000416,0.014924189,0.014791232,-0.00013295699999999952,31.092140415529904,35.01461049108638,38.20889912669421,7.116758711164309,11.038494999999966,11.038166666666317,11.038428198653161,11.038366666666843
Batch3_c38,Batch3,5C(67%)-4C-newstructure,1935.0,1934,1.0701473,1.0697832,100.03403493343323,1.0710695,1.0708801,100.01768638711282,0.0009221999999999841,0.015988033,0.015872136,-0.00011589700000000022,30.966864,34.745836319764145,38.268311,7.301446999999996,10.04887333333342,10.043596666666174,10.043707962962927,10.043544999999964
Batch3_c39,Batch3,5.3C(54%)-4C-newstructure,1156.0,1155,1.0474036,1.0468264,100.0551380821118,1.0495038,1.0493255,100.01699186763308,0.0021002000000001075,0.015740704,0.01558543,-0.00015527400000000038,30.99731619825322,33.887021839840784,36.491322,5.494005801746777,10.044048333333194,10.044011666667453,10.043092710437712,10.043549999999717
Batch3_c40,Batch3,5.6C(19%)-4.6C-newstructure,796.0,795,1.0593235,1.0585489,100.0731756463967,1.0617574,1.0615172,100.02262798944757,0.002433899999999989,0.015561919,0.015327614,-0.00023430500000000062,30.658075,34.05341123035083,38.358112,7.700036999999998,10.043659999999848,10.043125000000389,10.043764865319858,10.043501666666513
Batch3_c41,Batch3,5.6C(36%)-4.3C-newstructure,786.0,785,1.0505219,1.0497104,100.07730703630257,1.0541531,1.0537263,100.04050387657593,0.0036312000000000566,0.01854171,0.018368578,-0.00017313199999999945,30.47063701600857,33.640262798950594,37.245838,6.775200983991429,10.043064999999963,10.044366666666853,10.043162962962906,10.043064999999963
Batch3_c42,Batch3,4.8C(80%)-4.8C-newstructure,1642.0,1641,1.0669198,1.0664531,100.0437618869503,1.0689646,1.0689815,99.99841905589571,0.0020447999999999578,0.016376682,0.015814589,-0.0005620929999999996,30.329844727413835,33.03326599301577,37.087307,6.757462272586167,11.03883999999986,11.038683333333271,11.03849814814812,11.038346666666621
Batch3_c43,Batch3,5C(67%)-4C-newstructure,1046.0,1045,1.0701852,1.0696611,100.04899682712592,1.0724185,1.072255,100.01524823852534,0.0022332999999998826,0.015843671,0.015698643,-0.00014502799999999844,30.366573,33.89526904792961,38.634735,8.268162,10.04407999999991,10.043356666667387,10.043652104377044,10.043633333332643
Batch3_c44,Batch3,5.3C(54%)-4C-newstructure,940.0,939,1.06972,1.069182,100.05031884188098,1.0729284,1.0726699,100.0240987465016,0.003208399999999889,0.015722955,0.01561721,-0.00010574500000000084,30.183569,33.35164903826186,36.881859,6.69829,10.04268333333336,10.026366666666581,10.043212407407367,10.043413333332865
Batch3_c45,Batch3,4.8C(80%)-4.8C-newstructure,1801.0,1800,1.0695485,1.0691922,100.03332422365222,1.0711251,1.0709304,100.01818045318352,0.001576599999999928,0.015742011,0.015662471,-7.953999999999947e-05,30.620083,32.72596355233115,35.085537,4.465454000000001,11.03971833333344,11.03800666666648,11.038587558922575,11.03800666666648
