batch,feature,cells,pearson_r,spearman_r
Batch1,q_init_c2,46,0.08582220614767816,0.08005427423638074
Batch1,qc_init_c2,46,0.08295912756496228,0.05082027886808763
Batch1,ce_init_pct,46,0.02311037201762537,0.1034908106075862
Batch1,q_c100,46,0.29509796436957797,0.3242876532626271
Batch1,qc_c100,46,0.29722094520712805,0.32145059885979693
Batch1,ce_c100_pct,46,-0.14912763414505664,-0.06987788344362048
Batch1,delta_q_100_2,46,0.5395075316035273,0.5656223027903297
Batch1,ir_init,46,0.08380868744132913,0.19217959824388473
Batch1,ir_c100,46,0.3074704806090207,0.24515850546195186
Batch1,delta_ir_100_2,46,0.14172204849137485,-0.225484149929282
Batch1,t_min_100,46,-0.4408161168333287,-0.2710003705659915
Batch1,t_avg_100,46,-0.48177463667634024,-0.37146910148360657
Batch1,t_max_100,46,-0.3997785119549201,-0.32237572529550246
Batch1,delta_t_100,46,-0.32452504224003637,-0.28487726710157374
Batch1,ch_time_init_min,46,0.7330686142948053,0.6128654261070227
Batch1,ch_time_c100_min,46,0.7341776266744398,0.6224867410383597
Batch1,ch_time_avg_min,46,0.5770368723870706,0.6130504513941638
Batch1,ch_time_median_min,46,0.7439641856619083,0.6405575440824733
Batch2,q_init_c2,39,-0.28432994402007195,0.08492762468857089
Batch2,qc_init_c2,39,-0.28684142311702343,-0.10517258885747933
Batch2,ce_init_pct,39,0.21545103570677177,0.1914161362170293
Batch2,q_c100,39,-0.3336033199832391,0.07723453830438569
Batch2,qc_c100,39,-0.3012026502240218,-0.055369977001964575
Batch2,ce_c100_pct,39,0.1458511984045435,0.1914161362170293
Batch2,delta_q_100_2,39,-0.19927611814281423,-0.09666970390653778
Batch2,ir_init,39,-0.3687167576642646,-0.4622528399123055
Batch2,ir_c100,39,-0.3529480528471113,-0.34452210674609146
Batch2,delta_ir_100_2,39,0.3531831726083683,0.30527852902402014
Batch2,t_min_100,39,0.13391424090576282,0.2080275348111886
Batch2,t_avg_100,39,0.42531202704892834,0.16550258208082647
Batch2,t_max_100,39,-0.016298535356660114,-0.1517360064459687
Batch2,delta_t_100,39,-0.15431713208060674,-0.2214799080078583
Batch2,ch_time_init_min,39,-0.9152358778455847,-0.8017005810887741
Batch2,ch_time_c100_min,39,-0.856467915443544,-0.8245773905996406
Batch2,ch_time_avg_min,39,0.08706750328012966,-0.39325842898104635
Batch2,ch_time_median_min,39,-0.9183990085140923,-0.8115193887106946
Batch3,q_init_c2,44,0.1550572208159083,0.1282683772302483
Batch3,qc_init_c2,44,0.14240770219901294,0.12382831801843203
Batch3,ce_init_pct,44,0.25589946233975275,0.19127493175983187
Batch3,q_c100,44,0.2718128449696568,0.1775318913423052
Batch3,qc_c100,44,0.2802083779796473,0.18338149316104732
Batch3,ce_c100_pct,44,-0.22651194041013065,0.004017196429738546
Batch3,delta_q_100_2,44,0.27733100319551535,-0.14335048312435444
Batch3,ir_init,44,0.21814775324922503,0.14666290825063008
Batch3,ir_c100,44,0.15774846281975557,0.16061738005919557
Batch3,delta_ir_100_2,44,-0.3848847067294721,-0.16280217109993056
Batch3,t_min_100,44,-0.03239039583344769,0.10042991074346365
Batch3,t_avg_100,44,-0.021766797465161823,0.025371766924664505
Batch3,t_max_100,44,-0.08995270889801334,-0.03848051316907449
Batch3,delta_t_100,44,-0.09629614493120077,-0.049052082721018034
Batch3,ch_time_init_min,44,0.6431098913588394,0.2726055401794508
Batch3,ch_time_c100_min,44,0.6273154636495472,0.09091549814671447
Batch3,ch_time_avg_min,44,0.6374731672218192,0.19197970306329473
Batch3,ch_time_median_min,44,0.638367109672755,0.26102124976562596
