batch,cell_id,policy,cycle_life,q_diff_100_2,t_max_100,delta_q_log_var,charge_c1_rate,charge_c2_rate,charge_switch_soc,split
Batch1,Batch1_c00,3.6C(80%)-3.6C,1190.0,0.005223400000000211,35.994705,-5.014861042960788,3.6,3.6,80.0,train
Batch1,Batch1_c01,3.6C(80%)-3.6C,1179.0,0.005328500000000069,34.712265,-5.013959617162855,3.6,3.6,80.0,train
Batch1,Batch1_c02,3.6C(80%)-3.6C,1177.0,0.005018100000000025,35.127342,-4.7369997419805365,3.6,3.6,80.0,train
Batch1,Batch1_c03,4C(80%)-4C,1226.0,0.005026900000000056,31.691414,-4.442613359277012,4.0,4.0,80.0,val
Batch1,Batch1_c04,4C(80%)-4C,1227.0,0.004229000000000038,35.651741,-4.647743660307859,4.0,4.0,80.0,val
Batch1,Batch1_c05,4.4C(80%)-4.4C,1074.0,0.0036528000000000116,34.654667,-4.178877963304522,4.4,4.4,80.0,train
Batch1,Batch1_c06,4.8C(80%)-4.8C,636.0,0.003406800000000043,36.496124,-3.7688779002277237,4.8,4.8,80.0,train
Batch1,Batch1_c07,4.8C(80%)-4.8C,870.0,0.0018981000000000137,36.053928,-3.8134860773269867,4.8,4.8,80.0,train
Batch1,Batch1_c08,5.4C(40%)-3.6C,879.0,0.004161099999999918,35.160984,-4.001194608771134,5.4,3.6,40.0,val
Batch1,Batch1_c09,5.4C(40%)-3.6C,1054.0,0.004656999999999911,36.799232,-4.059383677769545,5.4,3.6,40.0,train
Batch1,Batch1_c10,5.4C(50%)-3C,906.0,0.006364800000000059,37.614693,-4.022573146487059,5.4,3.0,50.0,train
Batch1,Batch1_c11,5.4C(50%)-3C,788.0,0.006193300000000068,37.128967,-4.146896530502188,5.4,3.0,50.0,train
Batch1,Batch1_c12,5.4C(50%)-3.6C,902.0,0.004347099999999937,38.354816,-4.125190648988873,5.4,3.6,50.0,val
Batch1,Batch1_c13,5.4C(50%)-3.6C,897.0,0.0038567999999998825,35.892479,-4.048006457642694,5.4,3.6,50.0,train
Batch1,Batch1_c14,5.4C(60%)-3C,880.0,0.005235500000000171,37.818813,-4.046069839990279,5.4,3.0,60.0,train
Batch1,Batch1_c15,5.4C(60%)-3C,719.0,0.006626100000000079,38.47617,-4.017949103167607,5.4,3.0,60.0,train
Batch1,Batch1_c16,5.4C(60%)-3.6C,862.0,0.005154199999999998,37.566532,-4.099413675443745,5.4,3.6,60.0,train
Batch1,Batch1_c17,5.4C(60%)-3.6C,857.0,0.004924300000000104,37.208405,-3.970159451162403,5.4,3.6,60.0,train
Batch1,Batch1_c18,5.4C(70%)-3C,691.0,-0.0016430999999998974,36.084282,-3.650080545153841,5.4,3.0,70.0,train
Batch1,Batch1_c19,5.4C(70%)-3C,788.0,0.0019703999999998167,37.49086,-3.6199068274368353,5.4,3.0,70.0,train
Batch1,Batch1_c20,5.4C(80%)-5.4C,534.0,-0.011382199999999898,35.504932,-3.367237410245857,5.4,5.4,80.0,train
Batch1,Batch1_c21,5.4C(80%)-5.4C,559.0,-0.005709699999999929,37.615559,-3.3503380515995875,5.4,5.4,80.0,train
Batch1,Batch1_c22,6C(30%)-3.6C,891.0,0.002750199999999925,37.758316,-3.9521686731427805,6.0,3.6,30.0,train
Batch1,Batch1_c23,6C(30%)-3.6C,1014.0,0.0023974999999998303,36.165897,-4.0407936433278895,6.0,3.6,30.0,train
Batch1,Batch1_c24,6C(40%)-3C,1017.0,0.0030958999999999293,37.596226,-3.938662523656534,6.0,3.0,40.0,train
Batch1,Batch1_c25,6C(40%)-3C,854.0,0.0028093000000000146,38.670872,-4.027888820540259,6.0,3.0,40.0,val
Batch1,Batch1_c26,6C(40%)-3.6C,870.0,0.0017199000000001075,37.077717,-3.7952199967853435,6.0,3.6,40.0,val
Batch1,Batch1_c27,6C(40%)-3.6C,842.0,0.0019765000000000477,38.178074,-3.8537032000559392,6.0,3.6,40.0,train
Batch1,Batch1_c28,6C(50%)-3C,860.0,0.0019471999999998157,38.303513,-3.844711807496199,6.0,3.0,50.0,train
Batch1,Batch1_c29,6C(50%)-3C,917.0,0.0023569999999999425,36.258759,-3.8382817049630766,6.0,3.0,50.0,train
Batch1,Batch1_c30,6C(50%)-3.6C,709.0,0.0015437000000000367,37.483994,-3.744699217898308,6.0,3.6,50.0,train
Batch1,Batch1_c31,6C(50%)-3.6C,876.0,0.0007101999999998831,31.658901,-3.777732624088043,6.0,3.6,50.0,train
Batch1,Batch1_c32,6C(60%)-3C,731.0,0.001543800000000095,37.14436,-3.6464634970703615,6.0,3.0,60.0,train
Batch1,Batch1_c33,6C(60%)-3C,757.0,0.0012749000000000787,38.728722,-3.6670575975866413,6.0,3.0,60.0,train
Batch1,Batch1_c34,7C(30%)-3.6C,742.0,0.0028013000000000066,37.240925,-3.848616157008837,7.0,3.6,30.0,train
Batch1,Batch1_c35,7C(30%)-3.6C,703.0,0.0032472000000001167,36.075569,-3.7726058155960294,7.0,3.6,30.0,val
Batch1,Batch1_c36,7C(40%)-3C,704.0,0.0024096000000000117,34.868446,-3.6695013425959444,7.0,3.0,40.0,train
Batch1,Batch1_c37,7C(40%)-3C,648.0,0.0019871000000000194,36.993626,-3.673938893314921,7.0,3.0,40.0,train
Batch1,Batch1_c38,7C(40%)-3.6C,617.0,0.002024100000000084,37.995705,-3.4330481735466756,7.0,3.6,40.0,train
Batch1,Batch1_c39,7C(40%)-3.6C,625.0,0.0029856000000001437,38.024876,-3.5045337204530713,7.0,3.6,40.0,val
Batch1,Batch1_c40,8C(15%)-3.6C,966.0,0.0024324000000000012,38.388569,-4.0552127051547355,8.0,3.6,15.0,train
Batch1,Batch1_c41,8C(15%)-3.6C,1051.0,0.0032071999999998546,37.576675,-4.071513969179501,8.0,3.6,15.0,val
Batch1,Batch1_c42,8C(25%)-3.6C,702.0,0.0034095999999999016,38.397423,-3.6658557852690015,8.0,3.6,25.0,train
Batch1,Batch1_c43,8C(25%)-3.6C,651.0,0.0005969999999999587,37.725166,-3.667779071634814,8.0,3.6,25.0,train
Batch1,Batch1_c44,8C(35%)-3.6C,616.0,-5.8000000000113516e-05,36.804283,-3.42070000480644,8.0,3.6,35.0,val
Batch1,Batch1_c45,8C(35%)-3.6C,599.0,0.0018719000000000374,37.855122,-3.425292235698853,8.0,3.6,35.0,train
