policy,셀수,실제수명평균,예측수명평균,MAPE_pct,평균오차_cycles
3.6C(30%)-6C,2,421.0,911.8357312937198,116.59285188945333,490.83573129371985
3.6C(9%)-5C,2,394.5,1110.7290354200934,181.53658489145587,716.2290354200934
4.65C(44%)-5C,2,482.5,797.6706587341503,65.36452678777837,315.17065873415027
4.65C(69%)-6C,2,452.0,664.5566319225344,46.97165947747585,212.5566319225344
4.8C(80%)-4.8C,5,483.6,673.3133474752145,39.47567380975211,189.7133474752145
4.8C(80%)-4.8C-newstructure,3,871.6666666666666,860.9984533765611,11.150551022659641,-10.668213290105504
5.2C(50%)-4.25C,5,454.0,766.1361393481343,69.07455678353445,312.1361393481343
5.2C(58%)-4C,4,477.75,747.4532644132627,56.6744936410977,269.7032644132627
5.2C(58%)-4C-newstructure,3,961.6666666666666,961.8763536915167,10.751708737035019,0.20968702485000298
5.6C(26%)-4.5C,6,448.5,807.0952611315287,80.31979117532411,358.5952611315286
5.6C(26%)-4.5C-newstructure,3,991.3333333333334,1091.532163609836,18.24932870939797,100.1988302765028
6C(60%)-3C,2,400.0,595.2151465316081,48.91403048760662,195.21514653160807
