batch,cell_id,status
Batch1,Batch1_c00,passed
Batch1,Batch1_c01,passed
Batch1,Batch1_c02,passed
Batch1,Batch1_c03,passed
Batch1,Batch1_c04,passed
Batch1,Batch1_c05,passed
Batch1,Batch1_c06,passed
Batch1,Batch1_c07,passed
Batch1,Batch1_c08,passed
Batch1,Batch1_c09,passed
Batch1,Batch1_c10,passed
Batch1,Batch1_c11,passed
Batch1,Batch1_c12,passed
Batch1,Batch1_c13,passed
Batch1,Batch1_c14,passed
Batch1,Batch1_c15,passed
Batch1,Batch1_c16,passed
Batch1,Batch1_c17,passed
Batch1,Batch1_c18,passed
Batch1,Batch1_c19,passed
Batch1,Batch1_c20,passed
Batch1,Batch1_c21,passed
Batch1,Batch1_c22,passed
Batch1,Batch1_c23,passed
Batch1,Batch1_c24,passed
Batch1,Batch1_c25,passed
Batch1,Batch1_c26,passed
Batch1,Batch1_c27,passed
Batch1,Batch1_c28,passed
Batch1,Batch1_c29,passed
Batch1,Batch1_c30,passed
Batch1,Batch1_c31,passed
Batch1,Batch1_c32,passed
Batch1,Batch1_c33,passed
Batch1,Batch1_c34,passed
Batch1,Batch1_c35,passed
Batch1,Batch1_c36,passed
Batch1,Batch1_c37,passed
Batch1,Batch1_c38,passed
Batch1,Batch1_c39,passed
Batch1,Batch1_c40,passed
Batch1,Batch1_c41,passed
Batch1,Batch1_c42,passed
Batch1,Batch1_c43,passed
Batch1,Batch1_c44,passed
Batch1,Batch1_c45,passed
