batch,cell_id,policy,cycle_life,split,prediction,error_cycles,APE_pct
Batch1,Batch1_c00,3.6C(80%)-3.6C,1190.0,Train_CV,1239.5203265734501,49.52032657345012,4.161371980962195
Batch1,Batch1_c01,3.6C(80%)-3.6C,1179.0,Train_CV,1246.4480963259132,67.44809632591318,5.720788492443867
Batch1,Batch1_c02,3.6C(80%)-3.6C,1177.0,Train_CV,1152.2679885218117,-24.73201147818827,2.101275401715231
Batch1,Batch1_c05,4.4C(80%)-4.4C,1074.0,Train_CV,881.3116614255291,-192.6883385744709,17.94118608700846
Batch1,Batch1_c06,4.8C(80%)-4.8C,636.0,Train_CV,686.375631521124,50.37563152112398,7.92069678005094
Batch1,Batch1_c07,4.8C(80%)-4.8C,870.0,Train_CV,712.9737831890661,-157.02621681093387,18.048990438038377
Batch1,Batch1_c09,5.4C(40%)-3.6C,1054.0,Train_CV,941.0570033393792,-112.94299666062079,10.71565433212721
Batch1,Batch1_c10,5.4C(50%)-3C,906.0,Train_CV,869.2673367268966,-36.73266327310341,4.0543778447134
Batch1,Batch1_c11,5.4C(50%)-3C,788.0,Train_CV,937.8332714225654,149.83327142256542,19.01437454601084
Batch1,Batch1_c13,5.4C(50%)-3.6C,897.0,Train_CV,946.690953434902,49.690953434901985,5.539682657179709
Batch1,Batch1_c14,5.4C(60%)-3C,880.0,Train_CV,824.0460285118543,-55.953971488145726,6.358405850925651
Batch1,Batch1_c15,5.4C(60%)-3C,719.0,Train_CV,851.1162542364492,132.1162542364492,18.37500058921408
Batch1,Batch1_c16,5.4C(60%)-3.6C,862.0,Train_CV,877.0701673438751,15.070167343875141,1.748279274231455
Batch1,Batch1_c17,5.4C(60%)-3.6C,857.0,Train_CV,844.3431113453946,-12.656888654605382,1.4768831568967773
Batch1,Batch1_c18,5.4C(70%)-3C,691.0,Train_CV,704.6661902641197,13.666190264119678,1.9777409933603007
Batch1,Batch1_c19,5.4C(70%)-3C,788.0,Train_CV,698.9134557385339,-89.08654426146609,11.30539901795255
Batch1,Batch1_c20,5.4C(80%)-5.4C,534.0,Train_CV,755.8489292765547,221.8489292765547,41.544743310216234
Batch1,Batch1_c21,5.4C(80%)-5.4C,559.0,Train_CV,666.8400458691386,107.84004586913863,19.29160033437185
Batch1,Batch1_c22,6C(30%)-3.6C,891.0,Train_CV,869.7994163843669,-21.20058361563315,2.379414547209108
Batch1,Batch1_c23,6C(30%)-3.6C,1014.0,Train_CV,981.1802742386036,-32.8197257613964,3.236659345305365
Batch1,Batch1_c24,6C(40%)-3C,1017.0,Train_CV,826.3134974872656,-190.68650251273436,18.74990191865628
Batch1,Batch1_c27,6C(40%)-3.6C,842.0,Train_CV,886.0476239541799,44.047623954179926,5.231309258216143
Batch1,Batch1_c28,6C(50%)-3C,860.0,Train_CV,736.8593383840335,-123.14066161596645,14.318681583251912
Batch1,Batch1_c29,6C(50%)-3C,917.0,Train_CV,799.959555435298,-117.04044456470206,12.763407258964238
Batch1,Batch1_c30,6C(50%)-3.6C,709.0,Train_CV,775.8163562459538,66.81635624595378,9.424027679260053
Batch1,Batch1_c31,6C(50%)-3.6C,876.0,Train_CV,925.182856148962,49.182856148961946,5.614481295543601
Batch1,Batch1_c32,6C(60%)-3C,731.0,Train_CV,729.2330488113801,-1.7669511886199416,0.24171698886729706
Batch1,Batch1_c33,6C(60%)-3C,757.0,Train_CV,638.0776351933855,-118.9223648066145,15.709691520028334
Batch1,Batch1_c34,7C(30%)-3.6C,742.0,Train_CV,786.82869922595,44.828699225950004,6.041603669265499
Batch1,Batch1_c36,7C(40%)-3C,704.0,Train_CV,748.6222755858576,44.62227558585755,6.338391418445675
Batch1,Batch1_c37,7C(40%)-3C,648.0,Train_CV,748.8769050419618,100.87690504196178,15.567423617586694
Batch1,Batch1_c38,7C(40%)-3.6C,617.0,Train_CV,667.2006236374132,50.20062363741317,8.136243701363561
Batch1,Batch1_c40,8C(15%)-3.6C,966.0,Train_CV,784.7192295907552,-181.28077040924484,18.76612530116406
Batch1,Batch1_c42,8C(25%)-3.6C,702.0,Train_CV,693.0726393913708,-8.927360608629215,1.2717037904030222
Batch1,Batch1_c43,8C(25%)-3.6C,651.0,Train_CV,743.8831932879439,92.88319328794387,14.267771626412268
Batch1,Batch1_c45,8C(35%)-3.6C,599.0,Train_CV,601.1442823084305,2.1442823084305473,0.3579770130935805
Batch1,Batch1_c03,4C(80%)-4C,1226.0,Valid,1075.296340388165,-150.70365961183506,12.29230502543516
Batch1,Batch1_c04,4C(80%)-4C,1227.0,Valid,1078.9328938352833,-148.06710616471673,12.067408815380338
Batch1,Batch1_c08,5.4C(40%)-3.6C,879.0,Valid,984.6434308314927,105.64343083149265,12.018592813594159
Batch1,Batch1_c12,5.4C(50%)-3.6C,902.0,Valid,924.1004297933935,22.10042979339346,2.4501585136799844
Batch1,Batch1_c25,6C(40%)-3C,854.0,Valid,895.6267797827715,41.62677978277145,4.874330185336236
Batch1,Batch1_c26,6C(40%)-3.6C,870.0,Valid,848.4639016423764,-21.536098357623587,2.47541360432455
Batch1,Batch1_c35,7C(30%)-3.6C,703.0,Valid,815.5179624194376,112.5179624194376,16.005400059663955
Batch1,Batch1_c39,7C(40%)-3.6C,625.0,Valid,662.156727162914,37.15672716291397,5.945076346066235
Batch1,Batch1_c41,8C(15%)-3.6C,1051.0,Valid,865.5257818390244,-185.47421816097562,17.647404201805482
Batch1,Batch1_c44,8C(35%)-3.6C,616.0,Valid,594.1284297681384,-21.871570231861597,3.5505795830944153
Batch2,Batch2_c00,5.2C(58%)-4C,477.0,Test_Batch2,746.4238809797483,269.42388097974833,56.4829939160898
Batch2,Batch2_c01,5.6C(26%)-4.5C,491.0,Test_Batch2,809.2836611406518,318.2836611406518,64.82355624045861
Batch2,Batch2_c02,5.2C(50%)-4.25C,424.0,Test_Batch2,756.5720244278347,332.57202442783466,78.43679821411195
Batch2,Batch2_c03,4.65C(44%)-5C,499.0,Test_Batch2,818.7218174332378,319.7218174332378,64.07250850365487
Batch2,Batch2_c04,4.65C(69%)-6C,444.0,Test_Batch2,638.9715928989253,194.97159289892534,43.91252092318138
Batch2,Batch2_c05,3.6C(30%)-6C,416.0,Test_Batch2,902.7048372452306,486.7048372452306,116.99635510702657
Batch2,Batch2_c06,3.6C(9%)-5C,393.0,Test_Batch2,1088.830276518814,695.8302765188139,177.05605000478727
Batch2,Batch2_c07,4.8C(80%)-4.8C-newstructure,777.0,Test_Batch2,849.2242791000691,72.22427910006911,9.295274015452911
Batch2,Batch2_c08,5.2C(58%)-4C-newstructure,904.0,Test_Batch2,922.2413608572288,18.241360857228756,2.0178496523483136
Batch2,Batch2_c09,5.6C(26%)-4.5C-newstructure,791.0,Test_Batch2,1131.3277920283936,340.32779202839356,43.02500531332409
Batch2,Batch2_c10,4.8C(80%)-4.8C,492.0,Test_Batch2,668.2759116187433,176.2759116187433,35.828437320882784
Batch2,Batch2_c11,5.2C(50%)-4.25C,449.0,Test_Batch2,733.1028272277233,284.1028272277233,63.274571765639934
Batch2,Batch2_c12,4.65C(44%)-5C,466.0,Test_Batch2,776.6195000350627,310.61950003506274,66.65654507190187
Batch2,Batch2_c13,4.65C(69%)-6C,460.0,Test_Batch2,690.1416709461434,230.14167094614345,50.03079803177032
Batch2,Batch2_c14,3.6C(30%)-6C,426.0,Test_Batch2,920.9666253422091,494.9666253422091,116.18934867188007
Batch2,Batch2_c15,3.6C(9%)-5C,396.0,Test_Batch2,1132.627794321373,736.6277943213729,186.01711977812448
Batch2,Batch2_c16,4.8C(80%)-4.8C,472.0,Test_Batch2,653.2071384836986,181.2071384836986,38.391342899088684
Batch2,Batch2_c17,5.6C(26%)-4.5C,471.0,Test_Batch2,888.1430067486347,417.14300674863466,88.56539421414749
Batch2,Batch2_c18,5.2C(50%)-4.25C,449.0,Test_Batch2,832.432655372093,383.432655372093,85.39702792251515
Batch2,Batch2_c19,6C(60%)-3C,392.0,Test_Batch2,605.3507950335188,213.3507950335188,54.426223222836434
Batch2,Batch2_c20,5.2C(58%)-4C,489.0,Test_Batch2,710.3883560329564,221.38835603295638,45.27369244027738
Batch2,Batch2_c21,6C(60%)-3C,408.0,Test_Batch2,585.0794980296973,177.07949802969733,43.4018377523768
Batch2,Batch2_c24,4.8C(80%)-4.8C,514.0,Test_Batch2,661.6499630058497,147.6499630058497,28.725673736546636
Batch2,Batch2_c25,5.2C(58%)-4C,493.0,Test_Batch2,772.7618435233902,279.7618435233902,56.74682424409537
Batch2,Batch2_c26,5.6C(26%)-4.5C,450.0,Test_Batch2,760.0461934984927,310.0461934984927,68.89915411077615
Batch2,Batch2_c27,5.2C(50%)-4.25C,474.0,Test_Batch2,737.380241590188,263.380241590188,55.565451812275946
Batch2,Batch2_c28,4.8C(80%)-4.8C,437.0,Test_Batch2,645.9908710361939,208.99087103619388,47.82399794878579
Batch2,Batch2_c29,5.2C(58%)-4C,452.0,Test_Batch2,760.2389771169557,308.23897711695565,68.19446396392824
Batch2,Batch2_c30,5.6C(26%)-4.5C,412.0,Test_Batch2,763.6574521922927,351.6574521922927,85.35375053210987
Batch2,Batch2_c31,5.6C(26%)-4.5C,425.0,Test_Batch2,821.5652307395101,396.56523073951007,93.3094660563553
Batch2,Batch2_c32,4.8C(80%)-4.8C-newstructure,809.0,Test_Batch2,872.5316861683388,63.53168616833875,7.853113247013442
Batch2,Batch2_c33,5.2C(58%)-4C-newstructure,1140.0,Test_Batch2,983.5260539971337,-156.47394600286634,13.725784737093537
Batch2,Batch2_c34,5.6C(26%)-4.5C-newstructure,1186.0,Test_Batch2,1100.9158167527069,-85.08418324729314,7.174045804999421
Batch2,Batch2_c41,5.6C(26%)-4.5C,442.0,Test_Batch2,799.8760224695897,357.87602246958966,80.96742589809722
Batch2,Batch2_c42,5.2C(50%)-4.25C,474.0,Test_Batch2,771.1929481228325,297.1929481228325,62.69893420312922
Batch2,Batch2_c43,4.8C(80%)-4.8C-newstructure,1029.0,Test_Batch2,861.2393948612756,-167.76060513872437,16.303265805512574
Batch2,Batch2_c44,5.2C(58%)-4C-newstructure,841.0,Test_Batch2,979.8616462201876,138.8616462201876,16.51149182166321
Batch2,Batch2_c45,5.6C(26%)-4.5C-newstructure,997.0,Test_Batch2,1042.352882048408,45.35288204840799,4.54893500987041
Batch2,Batch2_c46,4.8C(80%)-4.8C,503.0,Test_Batch2,737.442853231587,234.44285323158704,46.608917143456665
