candidate_id,model,feature_set,parameters,CV_MAPE_mean_pct,CV_MAPE_std_pct,fold1_MAPE_pct,fold2_MAPE_pct,fold3_MAPE_pct
Ridge_C_policy_alpha0.1,Ridge,C_policy,"{""alpha"": 0.1}",9.88091618390155,1.1101425287930229,11.034833790370534,8.82045758506665,9.787457176267466
Ridge_C_policy_alpha1.0,Ridge,C_policy,"{""alpha"": 1.0}",10.149862199028037,0.9664808125213984,10.924887417870636,9.066945323305108,10.457753855908368
Ridge_C_policy_alpha10.0,Ridge,C_policy,"{""alpha"": 10.0}",11.548173686903198,1.0551554069437916,12.61855968826994,10.508938734730364,11.517022637709285
Ridge_B_voltage_alpha1.0,Ridge,B_voltage,"{""alpha"": 1.0}",12.067978046332358,0.8250665474753806,13.019870374974488,11.626098783354731,11.557964980667858
Ridge_B_voltage_alpha10.0,Ridge,B_voltage,"{""alpha"": 10.0}",12.084394268103145,1.6772646599698797,13.663152535035675,10.32349133640648,12.266538932867281
Ridge_B_voltage_alpha0.1,Ridge,B_voltage,"{""alpha"": 0.1}",12.19289014638374,1.0534938873026507,13.297692580833912,12.081406218691255,11.199571639626049
RF_C_policy_depth2_leaf3,RandomForest,C_policy,"{""max_depth"": 2, ""min_samples_leaf"": 3}",14.26034426456915,3.9909806469075924,17.046293503415775,16.0464877072691,9.688251583022573
RF_C_policy_depth3_leaf3,RandomForest,C_policy,"{""max_depth"": 3, ""min_samples_leaf"": 3}",14.272202100642227,4.106973609868931,17.121348512388902,16.130768516454687,9.5644892730831
RF_B_voltage_depth3_leaf3,RandomForest,B_voltage,"{""max_depth"": 3, ""min_samples_leaf"": 3}",14.296623160466886,4.1883115488140765,17.414038919308737,15.939983810890809,9.535846751201115
RF_B_voltage_depth2_leaf3,RandomForest,B_voltage,"{""max_depth"": 2, ""min_samples_leaf"": 3}",14.305561701949179,4.013640797373981,17.140080377627847,16.063745696664604,9.712859031555084
RF_B_voltage_depth2_leaf5,RandomForest,B_voltage,"{""max_depth"": 2, ""min_samples_leaf"": 5}",14.889937041916886,5.6808108752956965,19.40871756345854,16.748444199669212,8.512649362622904
RF_B_voltage_depth3_leaf5,RandomForest,B_voltage,"{""max_depth"": 3, ""min_samples_leaf"": 5}",14.889937041916886,5.6808108752956965,19.40871756345854,16.748444199669212,8.512649362622904
RF_C_policy_depth2_leaf5,RandomForest,C_policy,"{""max_depth"": 2, ""min_samples_leaf"": 5}",14.935549281527848,5.699168528853381,19.532260741752264,16.715576163904807,8.558810938926475
RF_C_policy_depth3_leaf5,RandomForest,C_policy,"{""max_depth"": 3, ""min_samples_leaf"": 5}",14.935549281527848,5.699168528853381,19.532260741752264,16.715576163904807,8.558810938926475
Ridge_A_summary_alpha10.0,Ridge,A_summary,"{""alpha"": 10.0}",16.8664795032412,1.4063406149432645,16.237386785497034,18.477550327597815,15.884501396628758
Ridge_A_summary_alpha1.0,Ridge,A_summary,"{""alpha"": 1.0}",18.085913902729832,0.21772363067264724,18.299882661741574,17.864620262975674,18.093238783472245
Ridge_A_summary_alpha0.1,Ridge,A_summary,"{""alpha"": 0.1}",18.325372704021248,0.5292881495256947,18.808848966718152,17.759853824658325,18.407415320687264
RF_A_summary_depth2_leaf5,RandomForest,A_summary,"{""max_depth"": 2, ""min_samples_leaf"": 5}",19.445683444271037,6.026755416894121,24.59267703836264,20.928431654845905,12.815941639604564
RF_A_summary_depth3_leaf5,RandomForest,A_summary,"{""max_depth"": 3, ""min_samples_leaf"": 5}",19.445683444271037,6.026755416894121,24.59267703836264,20.928431654845905,12.815941639604564
RF_A_summary_depth2_leaf3,RandomForest,A_summary,"{""max_depth"": 2, ""min_samples_leaf"": 3}",19.90794427100231,5.927288919872575,25.323487189990896,20.824627958021576,13.575717664994455
RF_A_summary_depth3_leaf3,RandomForest,A_summary,"{""max_depth"": 3, ""min_samples_leaf"": 3}",20.125469906731727,5.717831920932764,25.25723964292967,21.157126755836302,13.96204332142921
Dummy_median,Dummy,A_summary,{},20.60746891122491,6.20812881135295,26.913252839757217,20.40731806723129,14.501835826686216
