configuration,n_features,alpha,CV_MAPE_mean_pct,CV_MAPE_std_pct,fold1_MAPE_pct,fold2_MAPE_pct,fold3_MAPE_pct,MAPE_pct,MAE_cycles,RMSE_cycles
six_features,6,0.1,9.880916183901572,1.1101425287930504,11.034833790370596,8.820457585066661,9.78745717626746,9.880916183901572,78.62826883305073,98.44549353060005
six_features,6,1.0,10.149862199028052,0.9664808125214139,10.924887417870679,9.06694532330511,10.457753855908365,10.149862199028052,81.03423807577444,98.13529053180552
without_c1,5,1.0,11.465959189666842,0.3699319009218855,11.7672971585844,11.05309527259845,11.577485137817682,11.465959189666844,93.00191607350168,108.44656599235104
six_features,6,10.0,11.548173686903183,1.055155406943763,12.61855968826989,10.508938734730371,11.517022637709285,11.54817368690318,92.31758854548154,108.79440327795479
without_c1,5,0.1,11.573975266262712,0.44505960081992163,12.062018694750954,11.46937470254487,11.190532401492316,11.573975266262712,94.49212089142566,111.96951445372905
without_switch_soc,5,10.0,11.591694839895098,1.7043460277456521,13.298043330799961,9.889358358481596,11.58768283040374,11.5916948398951,91.26273772106354,110.12913798465823
without_switch_soc,5,1.0,11.668715057848965,0.578298066617783,12.335013796005434,11.37381679989431,11.29731457764715,11.668715057848967,94.72840573052846,112.3039303058841
without_switch_soc,5,0.1,11.847366354944313,0.7394469058816695,12.574986139087773,11.870478695252999,11.09663423049217,11.847366354944313,96.81416168925219,116.69399953284378
without_c1,5,10.0,12.256770291842551,1.0975192092958233,13.30471674366423,11.11562238210298,12.349971749760446,12.256770291842553,98.07269034518147,113.31904315341235
