cell_id,split,policy,cycle_life,t_max_100_C,max_at_cycle,saved_C
Batch1_c00,train,3.6C(80%)-3.6C,1190.0,35.994705,62,35.994705
Batch1_c01,train,3.6C(80%)-3.6C,1179.0,34.712265,65,34.712265
Batch1_c02,train,3.6C(80%)-3.6C,1177.0,35.127342,65,35.127342
Batch1_c03,val,4C(80%)-4C,1226.0,31.691414,67,31.691414
Batch1_c04,val,4C(80%)-4C,1227.0,35.651741,67,35.651741
Batch1_c05,train,4.4C(80%)-4.4C,1074.0,34.654667,68,34.654667
Batch1_c06,train,4.8C(80%)-4.8C,636.0,36.496124,69,36.496124
Batch1_c07,train,4.8C(80%)-4.8C,870.0,36.053928,69,36.053928
Batch1_c08,val,5.4C(40%)-3.6C,879.0,35.160984,54,35.160984
Batch1_c09,train,5.4C(40%)-3.6C,1054.0,36.799232,54,36.799232
Batch1_c10,train,5.4C(50%)-3C,906.0,37.614693,68,37.614693
Batch1_c11,train,5.4C(50%)-3C,788.0,37.128967,69,37.128967
Batch1_c12,val,5.4C(50%)-3.6C,902.0,38.354816,56,38.354816
Batch1_c13,train,5.4C(50%)-3.6C,897.0,35.892479,56,35.892479
Batch1_c14,train,5.4C(60%)-3C,880.0,37.818813,70,37.818813
Batch1_c15,train,5.4C(60%)-3C,719.0,38.47617,70,38.47617
Batch1_c16,train,5.4C(60%)-3.6C,862.0,37.566532,71,37.566532
Batch1_c17,train,5.4C(60%)-3.6C,857.0,37.208405,55,37.208405
Batch1_c18,train,5.4C(70%)-3C,691.0,36.084282,55,36.084282
Batch1_c19,train,5.4C(70%)-3C,788.0,37.49086,55,37.49086
Batch1_c20,train,5.4C(80%)-5.4C,534.0,35.504932,71,35.504932
Batch1_c21,train,5.4C(80%)-5.4C,559.0,37.615559,4,37.615559
Batch1_c22,train,6C(30%)-3.6C,891.0,37.758316,54,37.758316
Batch1_c23,train,6C(30%)-3.6C,1014.0,36.165897,54,36.165897
Batch1_c24,train,6C(40%)-3C,1017.0,37.596226,53,37.596226
Batch1_c25,val,6C(40%)-3C,854.0,38.670872,54,38.670872
Batch1_c26,val,6C(40%)-3.6C,870.0,37.077717,54,37.077717
Batch1_c27,train,6C(40%)-3.6C,842.0,38.178074,54,38.178074
Batch1_c28,train,6C(50%)-3C,860.0,38.303513,53,38.303513
Batch1_c29,train,6C(50%)-3C,917.0,36.258759,53,36.258759
Batch1_c30,train,6C(50%)-3.6C,709.0,37.483994,54,37.483994
Batch1_c31,train,6C(50%)-3.6C,876.0,31.658901,55,31.658901
Batch1_c32,train,6C(60%)-3C,731.0,37.14436,56,37.14436
Batch1_c33,train,6C(60%)-3C,757.0,38.728722,54,38.728722
Batch1_c34,train,7C(30%)-3.6C,742.0,37.240925,54,37.240925
Batch1_c35,val,7C(30%)-3.6C,703.0,36.075569,53,36.075569
Batch1_c36,train,7C(40%)-3C,704.0,34.868446,52,34.868446
Batch1_c37,train,7C(40%)-3C,648.0,36.993626,52,36.993626
Batch1_c38,train,7C(40%)-3.6C,617.0,37.995705,54,37.995705
Batch1_c39,val,7C(40%)-3.6C,625.0,38.024876,54,38.024876
Batch1_c40,train,8C(15%)-3.6C,966.0,38.388569,52,38.388569
Batch1_c41,val,8C(15%)-3.6C,1051.0,37.576675,52,37.576675
Batch1_c42,train,8C(25%)-3.6C,702.0,38.397423,53,38.397423
Batch1_c43,train,8C(25%)-3.6C,651.0,37.725166,53,37.725166
Batch1_c44,val,8C(35%)-3.6C,616.0,36.804283,54,36.804283
Batch1_c45,train,8C(35%)-3.6C,599.0,37.855122,54,37.855122
