batch,cell_id,policy,cycle_life,q_diff_100_2,t_max_100,delta_q_log_var,charge_c1_rate,charge_c2_rate,charge_switch_soc,outside_features,same_numeric_policy,prediction,APE_pct,error_cycles
Batch2,Batch2_c00,5.2C(58%)-4C,477.0,0.0032677999999999,36.404427,-3.4872647963011447,5.2,4.0,58.0,0,False,746.4238809797483,56.4829939160898,269.42388097974833
Batch2,Batch2_c01,5.6C(26%)-4.5C,491.0,-0.0042404,37.4468,-3.2980513654760366,5.6,4.5,26.0,1,False,809.2836611406518,64.82355624045861,318.2836611406518
Batch2,Batch2_c02,5.2C(50%)-4.25C,424.0,-0.0025500999999998,38.33985803206289,-3.4602483651128177,5.2,4.25,50.0,0,False,756.5720244278347,78.43679821411195,332.57202442783466
Batch2,Batch2_c03,4.65C(44%)-5C,499.0,0.0043727,39.42200064444312,-3.496242996974693,4.65,5.0,44.0,1,False,818.7218174332378,64.07250850365487,319.7218174332378
Batch2,Batch2_c04,4.65C(69%)-6C,444.0,-0.0086144000000001,38.209395652763355,-3.232506812226559,4.65,6.0,69.0,2,False,638.9715928989253,43.91252092318138,194.97159289892537
Batch2,Batch2_c05,3.6C(30%)-6C,416.0,-0.0229064999999999,38.388368590154755,-3.085881724279185,3.6,6.0,30.0,3,False,902.7048372452306,116.99635510702656,486.7048372452306
Batch2,Batch2_c06,3.6C(9%)-5C,393.0,0.0020352999999999,40.4669448483313,-3.53003968650195,3.6,5.0,9.0,2,False,1088.830276518814,177.05605000478727,695.8302765188139
Batch2,Batch2_c07,4.8C(80%)-4.8C-newstructure,777.0,0.0067923999999999,37.918381,-4.231670089905405,4.8,4.8,80.0,1,True,849.2242791000691,9.295274015452913,72.22427910006911
Batch2,Batch2_c08,5.2C(58%)-4C-newstructure,904.0,0.0003009,36.451335340457405,-4.10242248030074,5.2,4.0,58.0,0,False,922.2413608572288,2.0178496523483136,18.241360857228756
Batch2,Batch2_c09,5.6C(26%)-4.5C-newstructure,791.0,0.0025771000000001,35.00847845562602,-4.344425682662564,5.6,4.5,26.0,0,False,1131.3277920283936,43.02500531332409,340.32779202839356
Batch2,Batch2_c10,4.8C(80%)-4.8C,492.0,0.0070150999999998,35.078796,-3.4509001132975605,4.8,4.8,80.0,1,True,668.2759116187433,35.828437320882784,176.2759116187433
Batch2,Batch2_c11,5.2C(50%)-4.25C,449.0,0.0127770999999998,39.423817,-3.485393220979881,5.2,4.25,50.0,2,False,733.1028272277233,63.274571765639934,284.1028272277233
Batch2,Batch2_c12,4.65C(44%)-5C,466.0,0.0049399999999999,35.747711,-3.1679683681509765,4.65,5.0,44.0,1,False,776.6195000350627,66.65654507190187,310.61950003506274
Batch2,Batch2_c13,4.65C(69%)-6C,460.0,-0.0002936999999998,36.19238897679291,-3.3444477218838284,4.65,6.0,69.0,2,False,690.1416709461434,50.03079803177032,230.14167094614345
Batch2,Batch2_c14,3.6C(30%)-6C,426.0,-0.0068543,36.56760277779107,-3.118519966248836,3.6,6.0,30.0,2,False,920.9666253422092,116.18934867188008,494.9666253422091
Batch2,Batch2_c15,3.6C(9%)-5C,396.0,0.0073250999999998,36.649116879455384,-3.516251926776714,3.6,5.0,9.0,2,False,1132.627794321373,186.01711977812448,736.6277943213729
Batch2,Batch2_c16,4.8C(80%)-4.8C,472.0,-0.0004667999999998,37.601054318286856,-3.494880991874622,4.8,4.8,80.0,0,True,653.2071384836986,38.39134289908869,181.2071384836986
Batch2,Batch2_c17,5.6C(26%)-4.5C,471.0,0.0027197999999999,35.36969,-3.500344128474038,5.6,4.5,26.0,0,False,888.1430067486347,88.56539421414749,417.14300674863466
Batch2,Batch2_c18,5.2C(50%)-4.25C,449.0,0.0102134,36.964727535985794,-3.707302736176298,5.2,4.25,50.0,1,False,832.432655372093,85.39702792251515,383.432655372093
Batch2,Batch2_c19,6C(60%)-3C,392.0,0.0028185999999998,37.29125540144077,-3.291958004542694,6.0,3.0,60.0,1,True,605.3507950335188,54.426223222836434,213.3507950335188
Batch2,Batch2_c20,5.2C(58%)-4C,489.0,0.0061388,37.85651,-3.441305431410401,5.2,4.0,58.0,0,False,710.3883560329564,45.27369244027738,221.3883560329564
Batch2,Batch2_c21,6C(60%)-3C,408.0,0.0014510999999999,39.554886,-3.326679075199306,6.0,3.0,60.0,2,True,585.0794980296973,43.4018377523768,177.07949802969733
Batch2,Batch2_c24,4.8C(80%)-4.8C,514.0,0.0096247,39.222355,-3.6408852680750527,4.8,4.8,80.0,2,True,661.6499630058497,28.725673736546636,147.6499630058497
Batch2,Batch2_c25,5.2C(58%)-4C,493.0,0.0075321999999999,35.15638,-3.5344779300217333,5.2,4.0,58.0,1,False,772.7618435233902,56.74682424409537,279.7618435233902
Batch2,Batch2_c26,5.6C(26%)-4.5C,450.0,0.0021832000000001,38.98082610957073,-3.2220536077932804,5.6,4.5,26.0,2,False,760.0461934984927,68.89915411077615,310.0461934984927
Batch2,Batch2_c27,5.2C(50%)-4.25C,474.0,0.0105788999999998,39.292397,-3.48620363289781,5.2,4.25,50.0,2,False,737.380241590188,55.565451812275946,263.380241590188
Batch2,Batch2_c28,4.8C(80%)-4.8C,437.0,0.0091433,35.97005389341205,-3.4234111691232063,4.8,4.8,80.0,1,True,645.9908710361939,47.82399794878579,208.99087103619388
Batch2,Batch2_c29,5.2C(58%)-4C,452.0,0.0127744,35.143738,-3.5082481790944344,5.2,4.0,58.0,1,False,760.2389771169557,68.19446396392824,308.23897711695565
Batch2,Batch2_c30,5.6C(26%)-4.5C,412.0,-0.0020923999999999,38.2883066025032,-3.1854095592748743,5.6,4.5,26.0,1,False,763.6574521922927,85.35375053210987,351.6574521922927
Batch2,Batch2_c31,5.6C(26%)-4.5C,425.0,0.0016135999999999,37.238895,-3.35235883148731,5.6,4.5,26.0,0,False,821.5652307395101,93.3094660563553,396.56523073951007
Batch2,Batch2_c32,4.8C(80%)-4.8C-newstructure,809.0,-0.0007219999999998,34.753593,-4.131466155166347,4.8,4.8,80.0,0,True,872.5316861683388,7.853113247013442,63.53168616833875
Batch2,Batch2_c33,5.2C(58%)-4C-newstructure,1140.0,-0.0045973999999999,35.019115,-4.23162831933775,5.2,4.0,58.0,0,False,983.5260539971335,13.725784737093536,-156.47394600286634
Batch2,Batch2_c34,5.6C(26%)-4.5C-newstructure,1186.0,-0.0027188999999998,39.697674,-4.448585173324752,5.6,4.5,26.0,1,False,1100.9158167527069,7.174045804999421,-85.08418324729314
Batch2,Batch2_c41,5.6C(26%)-4.5C,442.0,0.0038331999999998,34.98487001858617,-3.1723658101769976,5.6,4.5,26.0,1,False,799.8760224695897,80.96742589809722,357.87602246958966
Batch2,Batch2_c42,5.2C(50%)-4.25C,474.0,0.0109155,36.76044310987061,-3.482587648007536,5.2,4.25,50.0,1,False,771.1929481228325,62.69893420312922,297.1929481228325
Batch2,Batch2_c43,4.8C(80%)-4.8C-newstructure,1029.0,-0.0008110999999999,38.4212899272313,-4.271781928623568,4.8,4.8,80.0,0,True,861.2393948612756,16.303265805512574,-167.76060513872437
Batch2,Batch2_c44,5.2C(58%)-4C-newstructure,841.0,0.0009050999999999,37.579971,-4.36452348032534,5.2,4.0,58.0,0,False,979.8616462201876,16.51149182166321,138.8616462201876
Batch2,Batch2_c45,5.6C(26%)-4.5C-newstructure,997.0,-0.0034894,38.42024558425599,-4.175214949171005,5.6,4.5,26.0,0,False,1042.352882048408,4.54893500987041,45.35288204840799
Batch2,Batch2_c46,4.8C(80%)-4.8C,503.0,-0.0010977,31.867259462197975,-3.5088751328187,4.8,4.8,80.0,0,True,737.442853231587,46.608917143456665,234.44285323158704
