batch,cell_id,group,cycle_life,q2_Ah,q_at_label_Ah,record_after_label,last_q_Ah,first_below_088_cycle,last_record_cycle
Batch1,Batch1_c00,general,1190.0,1.0706892,,-1.0,1.0262098,,1189.0
Batch1,Batch1_c01,general,1179.0,1.0753012,,-1.0,1.0382246,,1178.0
Batch1,Batch1_c02,general,1177.0,1.0799223,,-1.0,1.0432786,,1176.0
Batch1,Batch1_c03,general,1226.0,1.0797229,,-1.0,0.97092122,,1225.0
Batch1,Batch1_c04,general,1227.0,1.0784167,,-1.0,1.0219597,,1226.0
Batch1,Batch1_c05,general,1074.0,1.0761266,,-1.0,0.88053626,,1073.0
Batch1,Batch1_c06,general,636.0,1.0758358,,-1.0,0.8800565,,635.0
Batch1,Batch1_c07,general,870.0,1.0938644,,-1.0,0.88110596,,869.0
Batch1,Batch1_c08,general,879.0,1.0899748,,-1.0,0.96902454,,878.0
Batch1,Batch1_c09,general,1054.0,1.0829742,,-1.0,0.8809284,,1053.0
Batch1,Batch1_c10,general,906.0,1.0752757,,-1.0,0.96101874,,905.0
Batch1,Batch1_c11,general,788.0,1.0537786,,-1.0,0.88054359,,787.0
Batch1,Batch1_c12,general,902.0,1.077566,,-1.0,0.91311944,,901.0
Batch1,Batch1_c13,general,897.0,1.0797893,,-1.0,0.92313582,,896.0
Batch1,Batch1_c14,general,880.0,1.0709661,,-1.0,0.8800649,,879.0
Batch1,Batch1_c15,general,719.0,1.0611236,,-1.0,0.88298881,,718.0
Batch1,Batch1_c16,general,862.0,1.0811664,,-1.0,0.88096577,,861.0
Batch1,Batch1_c17,general,857.0,1.072052,,-1.0,0.8832469,,856.0
Batch1,Batch1_c18,general,691.0,1.0661705,,-1.0,0.88114411,,690.0
Batch1,Batch1_c19,general,788.0,1.0851147,,-1.0,0.88093972,,787.0
Batch1,Batch1_c20,general,534.0,1.07263,,-1.0,0.88078493,,533.0
Batch1,Batch1_c21,general,559.0,1.0824388,,-1.0,0.88016534,,558.0
Batch1,Batch1_c22,general,891.0,1.0793039,,-1.0,0.96327895,,890.0
Batch1,Batch1_c23,general,1014.0,1.0792934,,-1.0,0.88066453,,1013.0
Batch1,Batch1_c24,general,1017.0,1.0745355,,-1.0,0.88046598,,1016.0
Batch1,Batch1_c25,general,854.0,1.0752345,,-1.0,0.88019997,,853.0
Batch1,Batch1_c26,general,870.0,1.0876514,,-1.0,0.88105017,,869.0
Batch1,Batch1_c27,general,842.0,1.0790461,,-1.0,0.88130057,,841.0
Batch1,Batch1_c28,general,860.0,1.0777475,,-1.0,0.88058227,,859.0
Batch1,Batch1_c29,general,917.0,1.0794537,,-1.0,0.88035375,,916.0
Batch1,Batch1_c30,general,709.0,1.0798637,,-1.0,0.88054287,,708.0
Batch1,Batch1_c31,general,876.0,1.0946392,,-1.0,0.88099223,,875.0
Batch1,Batch1_c32,general,731.0,1.0778366,,-1.0,0.88080907,,730.0
Batch1,Batch1_c33,general,757.0,1.0924908,,-1.0,0.88011229,,756.0
Batch1,Batch1_c34,general,742.0,1.0766174,,-1.0,0.88205445,,741.0
Batch1,Batch1_c35,general,703.0,1.0707464,,-1.0,0.8802399,,702.0
Batch1,Batch1_c36,general,704.0,1.0778315,,-1.0,0.88231802,,703.0
Batch1,Batch1_c37,general,648.0,1.0748194,,-1.0,0.88336319,,647.0
Batch1,Batch1_c38,general,617.0,1.0729513,,-1.0,0.88110942,,616.0
Batch1,Batch1_c39,general,625.0,1.0817773,,-1.0,0.88011074,,624.0
Batch1,Batch1_c40,general,966.0,1.0833029,,-1.0,0.88060951,,965.0
Batch1,Batch1_c41,general,1051.0,1.0789614,,-1.0,0.88106161,,1050.0
Batch1,Batch1_c42,general,702.0,1.0798725,,-1.0,0.88035142,,701.0
Batch1,Batch1_c43,general,651.0,1.0682389,,-1.0,0.88044435,,650.0
Batch1,Batch1_c44,general,616.0,1.0847682,,-1.0,0.88048309,,615.0
Batch1,Batch1_c45,general,599.0,1.0839558,,-1.0,0.88104212,,598.0
Batch2,Batch2_c00,general,477.0,1.1020051,0.8788079,19.0,0.82661337,477.0,496.0
Batch2,Batch2_c01,general,491.0,1.1057826,0.87698483,22.0,0.82848173,491.0,513.0
Batch2,Batch2_c02,general,424.0,1.0753863,0.87791914,15.0,0.82700932,424.0,439.0
Batch2,Batch2_c03,general,499.0,1.0959566,0.8777321,18.0,0.82550967,499.0,517.0
Batch2,Batch2_c04,general,444.0,1.0899745,0.8775568,20.0,0.82712674,444.0,464.0
Batch2,Batch2_c05,general,416.0,1.0989141,0.87848473,29.0,0.8261537,416.0,445.0
Batch2,Batch2_c06,general,393.0,1.0885617,0.87984282,16.0,0.82940364,393.0,409.0
Batch2,Batch2_c07,newstructure,777.0,1.0904776,0.87985498,29.0,0.8264814,777.0,806.0
Batch2,Batch2_c08,newstructure,904.0,1.0906329,0.87897998,43.0,0.8255862,904.0,947.0
Batch2,Batch2_c09,newstructure,791.0,1.0949715,0.87866777,28.0,0.82610458,791.0,819.0
Batch2,Batch2_c10,general,492.0,1.1092782,0.8799966,27.0,0.82791102,492.0,519.0
Batch2,Batch2_c11,general,449.0,1.0959171,0.87977809,19.0,0.82524824,449.0,468.0
Batch2,Batch2_c12,general,466.0,1.1016457,0.87776774,27.0,0.82528538,466.0,493.0
Batch2,Batch2_c13,general,460.0,1.0954365,0.8768245,23.0,0.82574999,460.0,483.0
Batch2,Batch2_c14,general,426.0,1.0844886,0.8766908,35.0,0.82618046,426.0,461.0
Batch2,Batch2_c15,general,396.0,1.0697494,0.8790586,18.0,0.82608759,396.0,414.0
Batch2,Batch2_c16,general,472.0,1.0945363,0.87978011,27.0,0.82648873,472.0,499.0
Batch2,Batch2_c17,general,471.0,1.0917177,0.87988895,23.0,0.8272146,471.0,494.0
Batch2,Batch2_c18,general,449.0,1.0756292,0.87836123,18.0,0.82719898,449.0,467.0
Batch2,Batch2_c19,general,392.0,1.0902406,0.87817252,19.0,0.82597393,392.0,411.0
Batch2,Batch2_c20,general,489.0,1.0977259,0.87974203,17.0,0.82856864,489.0,506.0
Batch2,Batch2_c21,general,408.0,1.0985936,0.87569231,18.0,0.82783753,408.0,426.0
Batch2,Batch2_c24,general,514.0,1.0923017,0.87924409,22.0,0.82615805,514.0,536.0
Batch2,Batch2_c25,general,493.0,1.098838,0.87891299,18.0,0.82751423,493.0,511.0
Batch2,Batch2_c26,general,450.0,1.1043522,0.87967581,26.0,0.82529837,450.0,476.0
Batch2,Batch2_c27,general,474.0,1.0925682,0.87959087,19.0,0.8266983,474.0,493.0
Batch2,Batch2_c28,general,437.0,1.0904486,0.87717742,19.0,0.82741743,437.0,456.0
Batch2,Batch2_c29,general,452.0,1.1032062,0.87586135,18.0,0.82541627,452.0,470.0
Batch2,Batch2_c30,general,412.0,1.0946374,0.87975085,17.0,0.82665932,412.0,429.0
Batch2,Batch2_c31,general,425.0,1.0990092,0.87928772,21.0,0.82528561,425.0,446.0
Batch2,Batch2_c32,newstructure,809.0,1.0881557,0.87594575,25.0,0.82744044,809.0,834.0
Batch2,Batch2_c33,newstructure,1140.0,1.0732747,0.87932533,50.0,0.82506907,1140.0,1190.0
Batch2,Batch2_c34,newstructure,1186.0,1.0671737,0.87955695,66.0,0.82562441,1186.0,1252.0
Batch2,Batch2_c41,general,442.0,1.1049188,0.87561637,21.0,0.82606894,442.0,463.0
Batch2,Batch2_c42,general,474.0,1.1024443,0.87909251,23.0,0.82577723,474.0,497.0
Batch2,Batch2_c43,newstructure,1029.0,1.0974334,0.87819684,32.0,0.82532436,1029.0,1061.0
Batch2,Batch2_c44,newstructure,841.0,1.09659,0.87827092,33.0,0.82503617,841.0,874.0
Batch2,Batch2_c45,newstructure,997.0,1.1030351,0.87894398,30.0,0.82734823,997.0,1027.0
Batch2,Batch2_c46,general,503.0,1.100943,0.87838608,20.0,0.82638663,503.0,523.0
