batch,cell_id,provided_cycle_life,status,observed_EOL_cycle,last_record_cycle,last_q_Ah,detail_records,label_equals_records_plus_one,split
Batch1,Batch1_c00,1190.0,unobserved_EOL_in_current_record,,1189.0,1.0262098,1189,True,train
Batch1,Batch1_c01,1179.0,unobserved_EOL_in_current_record,,1178.0,1.0382246,1178,True,train
Batch1,Batch1_c02,1177.0,unobserved_EOL_in_current_record,,1176.0,1.0432786,1176,True,train
Batch1,Batch1_c03,1226.0,unobserved_EOL_in_current_record,,1225.0,0.97092122,1225,True,val
Batch1,Batch1_c04,1227.0,unobserved_EOL_in_current_record,,1226.0,1.0219597,1226,True,val
Batch1,Batch1_c05,1074.0,unobserved_EOL_in_current_record,,1073.0,0.88053626,1073,True,train
Batch1,Batch1_c06,636.0,unobserved_EOL_in_current_record,,635.0,0.8800565,635,True,train
Batch1,Batch1_c07,870.0,unobserved_EOL_in_current_record,,869.0,0.88110596,869,True,train
Batch1,Batch1_c08,879.0,unobserved_EOL_in_current_record,,878.0,0.96902454,878,True,val
Batch1,Batch1_c09,1054.0,unobserved_EOL_in_current_record,,1053.0,0.8809284,1053,True,train
Batch1,Batch1_c10,906.0,unobserved_EOL_in_current_record,,905.0,0.96101874,905,True,train
Batch1,Batch1_c11,788.0,unobserved_EOL_in_current_record,,787.0,0.88054359,787,True,train
Batch1,Batch1_c12,902.0,unobserved_EOL_in_current_record,,901.0,0.91311944,901,True,val
Batch1,Batch1_c13,897.0,unobserved_EOL_in_current_record,,896.0,0.92313582,896,True,train
Batch1,Batch1_c14,880.0,unobserved_EOL_in_current_record,,879.0,0.8800649,879,True,train
Batch1,Batch1_c15,719.0,unobserved_EOL_in_current_record,,718.0,0.88298881,718,True,train
Batch1,Batch1_c16,862.0,unobserved_EOL_in_current_record,,861.0,0.88096577,861,True,train
Batch1,Batch1_c17,857.0,unobserved_EOL_in_current_record,,856.0,0.8832469,856,True,train
Batch1,Batch1_c18,691.0,unobserved_EOL_in_current_record,,690.0,0.88114411,690,True,train
Batch1,Batch1_c19,788.0,unobserved_EOL_in_current_record,,787.0,0.88093972,787,True,train
Batch1,Batch1_c20,534.0,unobserved_EOL_in_current_record,,533.0,0.88078493,533,True,train
Batch1,Batch1_c21,559.0,unobserved_EOL_in_current_record,,558.0,0.88016534,558,True,train
Batch1,Batch1_c22,891.0,unobserved_EOL_in_current_record,,890.0,0.96327895,890,True,train
Batch1,Batch1_c23,1014.0,unobserved_EOL_in_current_record,,1013.0,0.88066453,1013,True,train
Batch1,Batch1_c24,1017.0,unobserved_EOL_in_current_record,,1016.0,0.88046598,1016,True,train
Batch1,Batch1_c25,854.0,unobserved_EOL_in_current_record,,853.0,0.88019997,853,True,val
Batch1,Batch1_c26,870.0,unobserved_EOL_in_current_record,,869.0,0.88105017,869,True,val
Batch1,Batch1_c27,842.0,unobserved_EOL_in_current_record,,841.0,0.88130057,841,True,train
Batch1,Batch1_c28,860.0,unobserved_EOL_in_current_record,,859.0,0.88058227,859,True,train
Batch1,Batch1_c29,917.0,unobserved_EOL_in_current_record,,916.0,0.88035375,916,True,train
Batch1,Batch1_c30,709.0,unobserved_EOL_in_current_record,,708.0,0.88054287,708,True,train
Batch1,Batch1_c31,876.0,unobserved_EOL_in_current_record,,875.0,0.88099223,875,True,train
Batch1,Batch1_c32,731.0,unobserved_EOL_in_current_record,,730.0,0.88080907,730,True,train
Batch1,Batch1_c33,757.0,unobserved_EOL_in_current_record,,756.0,0.88011229,756,True,train
Batch1,Batch1_c34,742.0,unobserved_EOL_in_current_record,,741.0,0.88205445,741,True,train
Batch1,Batch1_c35,703.0,unobserved_EOL_in_current_record,,702.0,0.8802399,702,True,val
Batch1,Batch1_c36,704.0,unobserved_EOL_in_current_record,,703.0,0.88231802,703,True,train
Batch1,Batch1_c37,648.0,unobserved_EOL_in_current_record,,647.0,0.88336319,647,True,train
Batch1,Batch1_c38,617.0,unobserved_EOL_in_current_record,,616.0,0.88110942,616,True,train
Batch1,Batch1_c39,625.0,unobserved_EOL_in_current_record,,624.0,0.88011074,624,True,val
Batch1,Batch1_c40,966.0,unobserved_EOL_in_current_record,,965.0,0.88060951,965,True,train
Batch1,Batch1_c41,1051.0,unobserved_EOL_in_current_record,,1050.0,0.88106161,1050,True,val
Batch1,Batch1_c42,702.0,unobserved_EOL_in_current_record,,701.0,0.88035142,701,True,train
Batch1,Batch1_c43,651.0,unobserved_EOL_in_current_record,,650.0,0.88044435,650,True,train
Batch1,Batch1_c44,616.0,unobserved_EOL_in_current_record,,615.0,0.88048309,615,True,val
Batch1,Batch1_c45,599.0,unobserved_EOL_in_current_record,,598.0,0.88104212,598,True,train
Batch2,Batch2_c00,477.0,observed_EOL_label_matches,477.0,496.0,0.82661337,496,False,test_pool
Batch2,Batch2_c01,491.0,observed_EOL_label_matches,491.0,513.0,0.82848173,513,False,test_pool
Batch2,Batch2_c02,424.0,observed_EOL_label_matches,424.0,439.0,0.82700932,439,False,test_pool
Batch2,Batch2_c03,499.0,observed_EOL_label_matches,499.0,517.0,0.82550967,517,False,test_pool
Batch2,Batch2_c04,444.0,observed_EOL_label_matches,444.0,464.0,0.82712674,464,False,test_pool
Batch2,Batch2_c05,416.0,observed_EOL_label_matches,416.0,445.0,0.8261537,445,False,test_pool
Batch2,Batch2_c06,393.0,observed_EOL_label_matches,393.0,409.0,0.82940364,409,False,test_pool
Batch2,Batch2_c07,777.0,observed_EOL_label_matches,777.0,806.0,0.8264814,806,False,test_pool
Batch2,Batch2_c08,904.0,observed_EOL_label_matches,904.0,947.0,0.8255862,947,False,test_pool
Batch2,Batch2_c09,791.0,observed_EOL_label_matches,791.0,819.0,0.82610458,819,False,test_pool
Batch2,Batch2_c10,492.0,observed_EOL_label_matches,492.0,519.0,0.82791102,519,False,test_pool
Batch2,Batch2_c11,449.0,observed_EOL_label_matches,449.0,468.0,0.82524824,468,False,test_pool
Batch2,Batch2_c12,466.0,observed_EOL_label_matches,466.0,493.0,0.82528538,493,False,test_pool
Batch2,Batch2_c13,460.0,observed_EOL_label_matches,460.0,483.0,0.82574999,483,False,test_pool
Batch2,Batch2_c14,426.0,observed_EOL_label_matches,426.0,461.0,0.82618046,461,False,test_pool
Batch2,Batch2_c15,396.0,observed_EOL_label_matches,396.0,414.0,0.82608759,414,False,test_pool
Batch2,Batch2_c16,472.0,observed_EOL_label_matches,472.0,499.0,0.82648873,499,False,test_pool
Batch2,Batch2_c17,471.0,observed_EOL_label_matches,471.0,494.0,0.8272146,494,False,test_pool
Batch2,Batch2_c18,449.0,observed_EOL_label_matches,449.0,467.0,0.82719898,467,False,test_pool
Batch2,Batch2_c19,392.0,observed_EOL_label_matches,392.0,411.0,0.82597393,411,False,test_pool
Batch2,Batch2_c20,489.0,observed_EOL_label_matches,489.0,506.0,0.82856864,506,False,test_pool
Batch2,Batch2_c21,408.0,observed_EOL_label_matches,408.0,426.0,0.82783753,426,False,test_pool
Batch2,Batch2_c22,,missing_or_invalid_label,,920.0,1.0556005,920,False,test_pool
Batch2,Batch2_c23,,missing_or_invalid_label,,1152.0,0.97824305,1152,False,test_pool
Batch2,Batch2_c24,514.0,observed_EOL_label_matches,514.0,536.0,0.82615805,536,False,test_pool
Batch2,Batch2_c25,493.0,observed_EOL_label_matches,493.0,511.0,0.82751423,511,False,test_pool
Batch2,Batch2_c26,450.0,observed_EOL_label_matches,450.0,476.0,0.82529837,476,False,test_pool
Batch2,Batch2_c27,474.0,observed_EOL_label_matches,474.0,493.0,0.8266983,493,False,test_pool
Batch2,Batch2_c28,437.0,observed_EOL_label_matches,437.0,456.0,0.82741743,456,False,test_pool
Batch2,Batch2_c29,452.0,observed_EOL_label_matches,452.0,470.0,0.82541627,470,False,test_pool
Batch2,Batch2_c30,412.0,observed_EOL_label_matches,412.0,429.0,0.82665932,429,False,test_pool
Batch2,Batch2_c31,425.0,observed_EOL_label_matches,425.0,446.0,0.82528561,446,False,test_pool
Batch2,Batch2_c32,809.0,observed_EOL_label_matches,809.0,834.0,0.82744044,834,False,test_pool
Batch2,Batch2_c33,1140.0,observed_EOL_label_matches,1140.0,1190.0,0.82506907,1190,False,test_pool
Batch2,Batch2_c34,1186.0,observed_EOL_label_matches,1186.0,1252.0,0.82562441,1252,False,test_pool
Batch2,Batch2_c35,,missing_or_invalid_label,,423.0,0.88112044,423,False,test_pool
Batch2,Batch2_c36,,missing_or_invalid_label,,280.0,0.88107425,280,False,test_pool
Batch2,Batch2_c37,,missing_or_invalid_label,,101.0,2.1693008,101,False,test_pool
Batch2,Batch2_c38,,missing_or_invalid_label,,101.0,2.1653843,101,False,test_pool
Batch2,Batch2_c39,,missing_or_invalid_label,,434.0,0.88120419,434,False,test_pool
Batch2,Batch2_c40,,missing_or_invalid_label,,459.0,0.88021344,459,False,test_pool
Batch2,Batch2_c41,442.0,observed_EOL_label_matches,442.0,463.0,0.82606894,463,False,test_pool
Batch2,Batch2_c42,474.0,observed_EOL_label_matches,474.0,497.0,0.82577723,497,False,test_pool
Batch2,Batch2_c43,1029.0,observed_EOL_label_matches,1029.0,1061.0,0.82532436,1061,False,test_pool
Batch2,Batch2_c44,841.0,observed_EOL_label_matches,841.0,874.0,0.82503617,874,False,test_pool
Batch2,Batch2_c45,997.0,observed_EOL_label_matches,997.0,1027.0,0.82734823,1027,False,test_pool
Batch2,Batch2_c46,503.0,observed_EOL_label_matches,503.0,523.0,0.82638663,523,False,test_pool
