batch,cell_id,cycle_life,summary_records,detail_records,last_cycle,last_q_Ah,label_equals_detail_plus_one,first_below_088,interpretation
Batch1,Batch1_c00,1190.0,1189,1189,1189.0,1.0262098,True,,unobserved_EOL_in_current_record
Batch1,Batch1_c01,1179.0,1178,1178,1178.0,1.0382246,True,,unobserved_EOL_in_current_record
Batch1,Batch1_c02,1177.0,1176,1176,1176.0,1.0432786,True,,unobserved_EOL_in_current_record
Batch1,Batch1_c03,1226.0,1225,1225,1225.0,0.97092122,True,,unobserved_EOL_in_current_record
Batch1,Batch1_c04,1227.0,1226,1226,1226.0,1.0219597,True,,unobserved_EOL_in_current_record
Batch1,Batch1_c05,1074.0,1073,1073,1073.0,0.88053626,True,,unobserved_EOL_in_current_record
Batch1,Batch1_c06,636.0,635,635,635.0,0.8800565,True,,unobserved_EOL_in_current_record
Batch1,Batch1_c07,870.0,869,869,869.0,0.88110596,True,,unobserved_EOL_in_current_record
Batch1,Batch1_c08,879.0,878,878,878.0,0.96902454,True,,unobserved_EOL_in_current_record
Batch1,Batch1_c09,1054.0,1053,1053,1053.0,0.8809284,True,,unobserved_EOL_in_current_record
Batch1,Batch1_c10,906.0,905,905,905.0,0.96101874,True,,unobserved_EOL_in_current_record
Batch1,Batch1_c11,788.0,787,787,787.0,0.88054359,True,,unobserved_EOL_in_current_record
Batch1,Batch1_c12,902.0,901,901,901.0,0.91311944,True,,unobserved_EOL_in_current_record
Batch1,Batch1_c13,897.0,896,896,896.0,0.92313582,True,,unobserved_EOL_in_current_record
Batch1,Batch1_c14,880.0,879,879,879.0,0.8800649,True,,unobserved_EOL_in_current_record
Batch1,Batch1_c15,719.0,718,718,718.0,0.88298881,True,,unobserved_EOL_in_current_record
Batch1,Batch1_c16,862.0,861,861,861.0,0.88096577,True,,unobserved_EOL_in_current_record
Batch1,Batch1_c17,857.0,856,856,856.0,0.8832469,True,,unobserved_EOL_in_current_record
Batch1,Batch1_c18,691.0,690,690,690.0,0.88114411,True,,unobserved_EOL_in_current_record
Batch1,Batch1_c19,788.0,787,787,787.0,0.88093972,True,,unobserved_EOL_in_current_record
Batch1,Batch1_c20,534.0,533,533,533.0,0.88078493,True,,unobserved_EOL_in_current_record
Batch1,Batch1_c21,559.0,558,558,558.0,0.88016534,True,,unobserved_EOL_in_current_record
Batch1,Batch1_c22,891.0,890,890,890.0,0.96327895,True,,unobserved_EOL_in_current_record
Batch1,Batch1_c23,1014.0,1013,1013,1013.0,0.88066453,True,,unobserved_EOL_in_current_record
Batch1,Batch1_c24,1017.0,1016,1016,1016.0,0.88046598,True,,unobserved_EOL_in_current_record
Batch1,Batch1_c25,854.0,853,853,853.0,0.88019997,True,,unobserved_EOL_in_current_record
Batch1,Batch1_c26,870.0,869,869,869.0,0.88105017,True,,unobserved_EOL_in_current_record
Batch1,Batch1_c27,842.0,841,841,841.0,0.88130057,True,,unobserved_EOL_in_current_record
Batch1,Batch1_c28,860.0,859,859,859.0,0.88058227,True,,unobserved_EOL_in_current_record
Batch1,Batch1_c29,917.0,916,916,916.0,0.88035375,True,,unobserved_EOL_in_current_record
Batch1,Batch1_c30,709.0,708,708,708.0,0.88054287,True,,unobserved_EOL_in_current_record
Batch1,Batch1_c31,876.0,875,875,875.0,0.88099223,True,,unobserved_EOL_in_current_record
Batch1,Batch1_c32,731.0,730,730,730.0,0.88080907,True,,unobserved_EOL_in_current_record
Batch1,Batch1_c33,757.0,756,756,756.0,0.88011229,True,,unobserved_EOL_in_current_record
Batch1,Batch1_c34,742.0,741,741,741.0,0.88205445,True,,unobserved_EOL_in_current_record
Batch1,Batch1_c35,703.0,702,702,702.0,0.8802399,True,,unobserved_EOL_in_current_record
Batch1,Batch1_c36,704.0,703,703,703.0,0.88231802,True,,unobserved_EOL_in_current_record
Batch1,Batch1_c37,648.0,647,647,647.0,0.88336319,True,,unobserved_EOL_in_current_record
Batch1,Batch1_c38,617.0,616,616,616.0,0.88110942,True,,unobserved_EOL_in_current_record
Batch1,Batch1_c39,625.0,624,624,624.0,0.88011074,True,,unobserved_EOL_in_current_record
Batch1,Batch1_c40,966.0,965,965,965.0,0.88060951,True,,unobserved_EOL_in_current_record
Batch1,Batch1_c41,1051.0,1050,1050,1050.0,0.88106161,True,,unobserved_EOL_in_current_record
Batch1,Batch1_c42,702.0,701,701,701.0,0.88035142,True,,unobserved_EOL_in_current_record
Batch1,Batch1_c43,651.0,650,650,650.0,0.88044435,True,,unobserved_EOL_in_current_record
Batch1,Batch1_c44,616.0,615,615,615.0,0.88048309,True,,unobserved_EOL_in_current_record
Batch1,Batch1_c45,599.0,598,598,598.0,0.88104212,True,,unobserved_EOL_in_current_record
Batch2,Batch2_c00,477.0,496,496,496.0,0.82661337,False,477.0,observed_threshold_crossing
Batch2,Batch2_c01,491.0,513,513,513.0,0.82848173,False,491.0,observed_threshold_crossing
Batch2,Batch2_c02,424.0,439,439,439.0,0.82700932,False,424.0,observed_threshold_crossing
Batch2,Batch2_c03,499.0,517,517,517.0,0.82550967,False,499.0,observed_threshold_crossing
Batch2,Batch2_c04,444.0,464,464,464.0,0.82712674,False,444.0,observed_threshold_crossing
Batch2,Batch2_c05,416.0,445,445,445.0,0.8261537,False,416.0,observed_threshold_crossing
Batch2,Batch2_c06,393.0,409,409,409.0,0.82940364,False,393.0,observed_threshold_crossing
Batch2,Batch2_c07,777.0,806,806,806.0,0.8264814,False,777.0,observed_threshold_crossing
Batch2,Batch2_c08,904.0,947,947,947.0,0.8255862,False,904.0,observed_threshold_crossing
Batch2,Batch2_c09,791.0,819,819,819.0,0.82610458,False,791.0,observed_threshold_crossing
Batch2,Batch2_c10,492.0,519,519,519.0,0.82791102,False,492.0,observed_threshold_crossing
Batch2,Batch2_c11,449.0,468,468,468.0,0.82524824,False,449.0,observed_threshold_crossing
Batch2,Batch2_c12,466.0,493,493,493.0,0.82528538,False,466.0,observed_threshold_crossing
Batch2,Batch2_c13,460.0,483,483,483.0,0.82574999,False,460.0,observed_threshold_crossing
Batch2,Batch2_c14,426.0,461,461,461.0,0.82618046,False,426.0,observed_threshold_crossing
Batch2,Batch2_c15,396.0,414,414,414.0,0.82608759,False,396.0,observed_threshold_crossing
Batch2,Batch2_c16,472.0,499,499,499.0,0.82648873,False,472.0,observed_threshold_crossing
Batch2,Batch2_c17,471.0,494,494,494.0,0.8272146,False,471.0,observed_threshold_crossing
Batch2,Batch2_c18,449.0,467,467,467.0,0.82719898,False,449.0,observed_threshold_crossing
Batch2,Batch2_c19,392.0,411,411,411.0,0.82597393,False,392.0,observed_threshold_crossing
Batch2,Batch2_c20,489.0,506,506,506.0,0.82856864,False,489.0,observed_threshold_crossing
Batch2,Batch2_c21,408.0,426,426,426.0,0.82783753,False,408.0,observed_threshold_crossing
Batch2,Batch2_c24,514.0,536,536,536.0,0.82615805,False,514.0,observed_threshold_crossing
Batch2,Batch2_c25,493.0,511,511,511.0,0.82751423,False,493.0,observed_threshold_crossing
Batch2,Batch2_c26,450.0,476,476,476.0,0.82529837,False,450.0,observed_threshold_crossing
Batch2,Batch2_c27,474.0,493,493,493.0,0.8266983,False,474.0,observed_threshold_crossing
Batch2,Batch2_c28,437.0,456,456,456.0,0.82741743,False,437.0,observed_threshold_crossing
Batch2,Batch2_c29,452.0,470,470,470.0,0.82541627,False,452.0,observed_threshold_crossing
Batch2,Batch2_c30,412.0,429,429,429.0,0.82665932,False,412.0,observed_threshold_crossing
Batch2,Batch2_c31,425.0,446,446,446.0,0.82528561,False,425.0,observed_threshold_crossing
Batch2,Batch2_c32,809.0,834,834,834.0,0.82744044,False,809.0,observed_threshold_crossing
Batch2,Batch2_c33,1140.0,1190,1190,1190.0,0.82506907,False,1140.0,observed_threshold_crossing
Batch2,Batch2_c34,1186.0,1252,1252,1252.0,0.82562441,False,1186.0,observed_threshold_crossing
Batch2,Batch2_c41,442.0,463,463,463.0,0.82606894,False,442.0,observed_threshold_crossing
Batch2,Batch2_c42,474.0,497,497,497.0,0.82577723,False,474.0,observed_threshold_crossing
Batch2,Batch2_c43,1029.0,1061,1061,1061.0,0.82532436,False,1029.0,observed_threshold_crossing
Batch2,Batch2_c44,841.0,874,874,874.0,0.82503617,False,841.0,observed_threshold_crossing
Batch2,Batch2_c45,997.0,1027,1027,1027.0,0.82734823,False,997.0,observed_threshold_crossing
Batch2,Batch2_c46,503.0,523,523,523.0,0.82638663,False,503.0,observed_threshold_crossing
