cell_id,policy,cycle_life,split,points,voltage_min,voltage_max,variance_Ah2,log10_variance,saved_value
Batch1_c00,3.6C(80%)-3.6C,1190.0,train,1000,2.0,3.5,9.663600264771342e-06,-5.014861042960788,-5.014861042960788
Batch1_c01,3.6C(80%)-3.6C,1179.0,train,1000,2.0,3.5,9.683678956852016e-06,-5.013959617162855,-5.013959617162855
Batch1_c02,3.6C(80%)-3.6C,1177.0,train,1000,2.0,3.5,1.8323155109711005e-05,-4.7369997419805365,-4.7369997419805365
Batch1_c03,4C(80%)-4C,1226.0,val,1000,2.0,3.5,3.608997994486938e-05,-4.442613359277012,-4.442613359277012
Batch1_c04,4C(80%)-4C,1227.0,val,1000,2.0,3.5,2.2503824885676158e-05,-4.647743660307859,-4.647743660307859
Batch1_c05,4.4C(80%)-4.4C,1074.0,train,1000,2.0,3.5,6.624026126041227e-05,-4.178877963304522,-4.178877963304522
Batch1_c06,4.8C(80%)-4.8C,636.0,train,1000,2.0,3.5,0.00017026371292231957,-3.7688779002277237,-3.768877900227724
Batch1_c07,4.8C(80%)-4.8C,870.0,train,1000,2.0,3.5,0.00015364340477588736,-3.8134860773269867,-3.8134860773269863
Batch1_c08,5.4C(40%)-3.6C,879.0,val,1000,2.0,3.5,9.97253091328456e-05,-4.001194608771134,-4.001194608771134
Batch1_c09,5.4C(40%)-3.6C,1054.0,train,1000,2.0,3.5,8.72200481780871e-05,-4.059383677769545,-4.059383677769545
Batch1_c10,5.4C(50%)-3C,906.0,train,1000,2.0,3.5,9.493510903192643e-05,-4.022573146487059,-4.022573146487059
Batch1_c11,5.4C(50%)-3C,788.0,train,1000,2.0,3.5,7.130228856858242e-05,-4.146896530502188,-4.146896530502188
Batch1_c12,5.4C(50%)-3.6C,902.0,val,1000,2.0,3.5,7.495650888780392e-05,-4.125190648988873,-4.125190648988873
Batch1_c13,5.4C(50%)-3.6C,897.0,train,1000,2.0,3.5,8.953514522265102e-05,-4.048006457642694,-4.048006457642694
Batch1_c14,5.4C(60%)-3C,880.0,train,1000,2.0,3.5,8.993529426869348e-05,-4.046069839990279,-4.046069839990279
Batch1_c15,5.4C(60%)-3C,719.0,train,1000,2.0,3.5,9.595130743781206e-05,-4.017949103167607,-4.017949103167607
Batch1_c16,5.4C(60%)-3.6C,862.0,train,1000,2.0,3.5,7.954013514589506e-05,-4.099413675443745,-4.099413675443745
Batch1_c17,5.4C(60%)-3.6C,857.0,train,1000,2.0,3.5,0.00010711259692754453,-3.970159451162403,-3.970159451162403
Batch1_c18,5.4C(70%)-3C,691.0,train,1000,2.0,3.5,0.00022383059792099492,-3.650080545153841,-3.650080545153841
Batch1_c19,5.4C(70%)-3C,788.0,train,1000,2.0,3.5,0.00023993476144574294,-3.6199068274368353,-3.6199068274368353
Batch1_c20,5.4C(80%)-5.4C,534.0,train,1000,2.0,3.5,0.00042930168171296525,-3.367237410245857,-3.367237410245857
Batch1_c21,5.4C(80%)-5.4C,559.0,train,1000,2.0,3.5,0.00044633603224653485,-3.3503380515995875,-3.3503380515995875
Batch1_c22,6C(30%)-3.6C,891.0,train,1000,2.0,3.5,0.00011164295598941376,-3.9521686731427805,-3.952168673142781
Batch1_c23,6C(30%)-3.6C,1014.0,train,1000,2.0,3.5,9.103457241110652e-05,-4.0407936433278895,-4.0407936433278895
Batch1_c24,6C(40%)-3C,1017.0,train,1000,2.0,3.5,0.00011516949866350308,-3.938662523656534,-3.938662523656534
Batch1_c25,6C(40%)-3C,854.0,val,1000,2.0,3.5,9.378020536805894e-05,-4.027888820540259,-4.027888820540259
Batch1_c26,6C(40%)-3.6C,870.0,val,1000,2.0,3.5,0.00016024334542563112,-3.7952199967853435,-3.795219996785343
Batch1_c27,6C(40%)-3.6C,842.0,train,1000,2.0,3.5,0.00014005441374332457,-3.8537032000559392,-3.8537032000559392
Batch1_c28,6C(50%)-3C,860.0,train,1000,2.0,3.5,0.00014298424697322437,-3.844711807496199,-3.844711807496199
Batch1_c29,6C(50%)-3C,917.0,train,1000,2.0,3.5,0.0001451170011316565,-3.8382817049630766,-3.8382817049630766
Batch1_c30,6C(50%)-3.6C,709.0,train,1000,2.0,3.5,0.00018001172021664107,-3.744699217898308,-3.744699217898308
Batch1_c31,6C(50%)-3.6C,876.0,train,1000,2.0,3.5,0.00016682739789842456,-3.777732624088043,-3.777732624088043
Batch1_c32,6C(60%)-3C,731.0,train,1000,2.0,3.5,0.00022570256930208902,-3.6464634970703615,-3.6464634970703615
Batch1_c33,6C(60%)-3C,757.0,train,1000,2.0,3.5,0.00021524962445427153,-3.6670575975866413,-3.6670575975866417
Batch1_c34,7C(30%)-3.6C,742.0,train,1000,2.0,3.5,0.00014170456557429945,-3.848616157008837,-3.848616157008837
Batch1_c35,7C(30%)-3.6C,703.0,val,1000,2.0,3.5,0.00016880845085747467,-3.7726058155960294,-3.77260581559603
Batch1_c36,7C(40%)-3C,704.0,train,1000,2.0,3.5,0.00021404183097836082,-3.6695013425959444,-3.669501342595944
Batch1_c37,7C(40%)-3C,648.0,train,1000,2.0,3.5,0.00021186592167101386,-3.673938893314921,-3.673938893314921
Batch1_c38,7C(40%)-3.6C,617.0,train,1000,2.0,3.5,0.00036893667248310104,-3.4330481735466756,-3.4330481735466756
Batch1_c39,7C(40%)-3.6C,625.0,val,1000,2.0,3.5,0.0003129437479421444,-3.5045337204530713,-3.5045337204530713
Batch1_c40,8C(15%)-3.6C,966.0,train,1000,2.0,3.5,8.806174658415387e-05,-4.0552127051547355,-4.0552127051547355
Batch1_c41,8C(15%)-3.6C,1051.0,val,1000,2.0,3.5,8.48176100238975e-05,-4.071513969179501,-4.071513969179501
Batch1_c42,8C(25%)-3.6C,702.0,train,1000,2.0,3.5,0.00021584610431745794,-3.6658557852690015,-3.6658557852690015
Batch1_c43,8C(25%)-3.6C,651.0,train,1000,2.0,3.5,0.00021489233671107995,-3.667779071634814,-3.667779071634814
Batch1_c44,8C(35%)-3.6C,616.0,val,1000,2.0,3.5,0.0003795770928016619,-3.42070000480644,-3.42070000480644
Batch1_c45,8C(35%)-3.6C,599.0,train,1000,2.0,3.5,0.0003755845892835457,-3.425292235698853,-3.425292235698853
