batch,cell_id,policy,cycle,median_discharge_A
Batch1,Batch1_c00,3.6C(80%)-3.6C,10,3.999853545454545
Batch1,Batch1_c00,3.6C(80%)-3.6C,100,3.999883
Batch1,Batch1_c00,3.6C(80%)-3.6C,101,3.9998513636363633
Batch1,Batch1_c01,3.6C(80%)-3.6C,10,3.999902545454545
Batch1,Batch1_c01,3.6C(80%)-3.6C,100,3.999939409090909
Batch1,Batch1_c01,3.6C(80%)-3.6C,101,3.9999164545454544
Batch1,Batch1_c02,3.6C(80%)-3.6C,10,3.9998602727272727
Batch1,Batch1_c02,3.6C(80%)-3.6C,100,3.9998724545454545
Batch1,Batch1_c02,3.6C(80%)-3.6C,101,3.999931818181818
Batch1,Batch1_c03,4C(80%)-4C,10,3.999919454545454
Batch1,Batch1_c03,4C(80%)-4C,100,3.999939818181818
Batch1,Batch1_c03,4C(80%)-4C,101,3.999926636363636
Batch1,Batch1_c04,4C(80%)-4C,10,3.999920363636363
Batch1,Batch1_c04,4C(80%)-4C,100,3.999962818181818
Batch1,Batch1_c04,4C(80%)-4C,101,3.9999051818181814
Batch1,Batch1_c05,4.4C(80%)-4.4C,10,3.9999220909090902
Batch1,Batch1_c05,4.4C(80%)-4.4C,100,3.999900181818181
Batch1,Batch1_c05,4.4C(80%)-4.4C,101,3.999917727272727
Batch1,Batch1_c06,4.8C(80%)-4.8C,10,3.999919909090909
Batch1,Batch1_c06,4.8C(80%)-4.8C,100,3.99992809090909
Batch1,Batch1_c06,4.8C(80%)-4.8C,101,3.999882636363636
Batch1,Batch1_c07,4.8C(80%)-4.8C,10,3.9999238181818177
Batch1,Batch1_c07,4.8C(80%)-4.8C,100,3.9999200909090904
Batch1,Batch1_c07,4.8C(80%)-4.8C,101,3.999945
Batch1,Batch1_c08,5.4C(40%)-3.6C,10,3.999937636363636
Batch1,Batch1_c08,5.4C(40%)-3.6C,100,3.9999463636363632
Batch1,Batch1_c08,5.4C(40%)-3.6C,101,3.999891272727272
Batch1,Batch1_c09,5.4C(40%)-3.6C,10,3.999938999999999
Batch1,Batch1_c09,5.4C(40%)-3.6C,100,3.9999410909090902
Batch1,Batch1_c09,5.4C(40%)-3.6C,101,3.999952636363636
Batch1,Batch1_c10,5.4C(50%)-3C,10,3.999941999999999
Batch1,Batch1_c10,5.4C(50%)-3C,100,3.999918136363636
Batch1,Batch1_c10,5.4C(50%)-3C,101,3.99992809090909
Batch1,Batch1_c11,5.4C(50%)-3C,10,3.999885636363637
Batch1,Batch1_c11,5.4C(50%)-3C,100,3.9998999545454543
Batch1,Batch1_c11,5.4C(50%)-3C,101,3.999926818181818
Batch1,Batch1_c12,5.4C(50%)-3.6C,10,3.999938999999999
Batch1,Batch1_c12,5.4C(50%)-3.6C,100,3.999934636363637
Batch1,Batch1_c12,5.4C(50%)-3.6C,101,3.99992509090909
Batch1,Batch1_c13,5.4C(50%)-3.6C,10,3.99992809090909
Batch1,Batch1_c13,5.4C(50%)-3.6C,100,3.9999510909090903
Batch1,Batch1_c13,5.4C(50%)-3.6C,101,3.9999407272727265
Batch1,Batch1_c14,5.4C(60%)-3C,10,3.999923545454545
Batch1,Batch1_c14,5.4C(60%)-3C,100,3.9999354545454544
Batch1,Batch1_c14,5.4C(60%)-3C,101,3.9999108181818177
Batch1,Batch1_c15,5.4C(60%)-3C,10,3.999911636363635
Batch1,Batch1_c15,5.4C(60%)-3C,100,3.9999285454545457
Batch1,Batch1_c15,5.4C(60%)-3C,101,3.999920363636363
Batch1,Batch1_c16,5.4C(60%)-3.6C,10,3.9999147272727273
Batch1,Batch1_c16,5.4C(60%)-3.6C,100,3.999938999999999
Batch1,Batch1_c16,5.4C(60%)-3.6C,101,3.9999066818181817
Batch1,Batch1_c17,5.4C(60%)-3.6C,10,3.999938999999999
Batch1,Batch1_c17,5.4C(60%)-3.6C,100,3.9999220909090902
Batch1,Batch1_c17,5.4C(60%)-3.6C,101,3.999928772727272
Batch1,Batch1_c18,5.4C(70%)-3C,10,3.999952181818182
Batch1,Batch1_c18,5.4C(70%)-3C,100,3.999954545454545
Batch1,Batch1_c18,5.4C(70%)-3C,101,3.9999354545454544
Batch1,Batch1_c19,5.4C(70%)-3C,10,3.9999147272727273
Batch1,Batch1_c19,5.4C(70%)-3C,100,3.999930727272727
Batch1,Batch1_c19,5.4C(70%)-3C,101,3.999925272727272
Batch1,Batch1_c20,5.4C(80%)-5.4C,10,3.99992509090909
Batch1,Batch1_c20,5.4C(80%)-5.4C,100,3.999919909090909
Batch1,Batch1_c20,5.4C(80%)-5.4C,101,3.999931181818182
Batch1,Batch1_c21,5.4C(80%)-5.4C,10,3.999926
Batch1,Batch1_c21,5.4C(80%)-5.4C,100,3.999950681818181
Batch1,Batch1_c21,5.4C(80%)-5.4C,101,3.999933363636363
Batch1,Batch1_c22,6C(30%)-3.6C,10,3.999901727272727
Batch1,Batch1_c22,6C(30%)-3.6C,100,3.999934636363637
Batch1,Batch1_c22,6C(30%)-3.6C,101,3.9999410909090902
Batch1,Batch1_c23,6C(30%)-3.6C,10,3.999936818181818
Batch1,Batch1_c23,6C(30%)-3.6C,100,3.999955909090909
Batch1,Batch1_c23,6C(30%)-3.6C,101,3.999921181818181
Batch1,Batch1_c24,6C(40%)-3C,10,3.999942454545454
Batch1,Batch1_c24,6C(40%)-3C,100,3.999949363636363
Batch1,Batch1_c24,6C(40%)-3C,101,3.9999153636363634
Batch1,Batch1_c25,6C(40%)-3C,10,3.999910363636363
Batch1,Batch1_c25,6C(40%)-3C,100,3.9999125454545448
Batch1,Batch1_c25,6C(40%)-3C,101,3.99992509090909
Batch1,Batch1_c26,6C(40%)-3.6C,10,3.9999289999999994
Batch1,Batch1_c26,6C(40%)-3.6C,100,3.9999467272727274
Batch1,Batch1_c26,6C(40%)-3.6C,101,3.999921636363636
Batch1,Batch1_c27,6C(40%)-3.6C,10,3.999929636363636
Batch1,Batch1_c27,6C(40%)-3.6C,100,3.9999200909090904
Batch1,Batch1_c27,6C(40%)-3.6C,101,3.999948090909091
Batch1,Batch1_c28,6C(50%)-3C,10,3.9999147272727273
Batch1,Batch1_c28,6C(50%)-3C,100,3.999926363636363
Batch1,Batch1_c28,6C(50%)-3C,101,3.999915545454545
Batch1,Batch1_c29,6C(50%)-3C,10,3.999962818181818
Batch1,Batch1_c29,6C(50%)-3C,100,3.9999467272727274
Batch1,Batch1_c29,6C(50%)-3C,101,3.9999467272727274
Batch1,Batch1_c30,6C(50%)-3.6C,10,3.999920363636363
Batch1,Batch1_c30,6C(50%)-3.6C,100,3.999926818181818
Batch1,Batch1_c30,6C(50%)-3.6C,101,3.999923363636363
Batch1,Batch1_c31,6C(50%)-3.6C,10,3.9999652272727273
Batch1,Batch1_c31,6C(50%)-3.6C,100,3.999954999999999
Batch1,Batch1_c31,6C(50%)-3.6C,101,3.9999354545454544
Batch1,Batch1_c32,6C(60%)-3C,10,3.99992509090909
Batch1,Batch1_c32,6C(60%)-3C,100,3.999932
Batch1,Batch1_c32,6C(60%)-3C,101,3.9999203181818177
Batch1,Batch1_c33,6C(60%)-3C,10,3.999928772727273
Batch1,Batch1_c33,6C(60%)-3C,100,3.999943272727273
Batch1,Batch1_c33,6C(60%)-3C,101,3.9999155454545448
Batch1,Batch1_c34,7C(30%)-3.6C,10,3.999961727272727
Batch1,Batch1_c34,7C(30%)-3.6C,100,3.999942863636363
Batch1,Batch1_c34,7C(30%)-3.6C,101,3.9999422272727263
Batch1,Batch1_c35,7C(30%)-3.6C,10,3.9999147272727273
Batch1,Batch1_c35,7C(30%)-3.6C,100,3.9999108181818177
Batch1,Batch1_c35,7C(30%)-3.6C,101,3.999925545454545
Batch1,Batch1_c36,7C(40%)-3C,10,3.999906
Batch1,Batch1_c36,7C(40%)-3C,100,3.99992809090909
Batch1,Batch1_c36,7C(40%)-3C,101,3.99992509090909
Batch1,Batch1_c37,7C(40%)-3C,10,3.999952636363636
Batch1,Batch1_c37,7C(40%)-3C,100,3.999931181818182
Batch1,Batch1_c37,7C(40%)-3C,101,3.999943318181818
Batch1,Batch1_c38,7C(40%)-3.6C,10,3.9999055909090906
Batch1,Batch1_c38,7C(40%)-3.6C,100,3.999868727272727
Batch1,Batch1_c38,7C(40%)-3.6C,101,3.999882181818182
Batch1,Batch1_c39,7C(40%)-3.6C,10,3.999882181818182
Batch1,Batch1_c39,7C(40%)-3.6C,100,3.999875636363636
Batch1,Batch1_c39,7C(40%)-3.6C,101,3.9998990909090906
Batch1,Batch1_c40,8C(15%)-3.6C,10,3.9998685454545457
Batch1,Batch1_c40,8C(15%)-3.6C,100,3.9999055454545456
Batch1,Batch1_c40,8C(15%)-3.6C,101,3.9998771818181815
Batch1,Batch1_c41,8C(15%)-3.6C,10,3.999905136363636
Batch1,Batch1_c41,8C(15%)-3.6C,100,3.9998904545454543
Batch1,Batch1_c41,8C(15%)-3.6C,101,3.999872636363636
Batch1,Batch1_c42,8C(25%)-3.6C,10,3.999924454545454
Batch1,Batch1_c42,8C(25%)-3.6C,100,3.999889090909091
Batch1,Batch1_c42,8C(25%)-3.6C,101,3.99990059090909
Batch1,Batch1_c43,8C(25%)-3.6C,10,3.999893909090909
Batch1,Batch1_c43,8C(25%)-3.6C,100,3.999908636363636
Batch1,Batch1_c43,8C(25%)-3.6C,101,3.9999168181818177
Batch1,Batch1_c44,8C(35%)-3.6C,10,3.9999040909090904
Batch1,Batch1_c44,8C(35%)-3.6C,100,3.9999094545454543
Batch1,Batch1_c44,8C(35%)-3.6C,101,3.999908818181818
Batch1,Batch1_c45,8C(35%)-3.6C,10,3.999913363636363
Batch1,Batch1_c45,8C(35%)-3.6C,100,3.9999164545454544
Batch1,Batch1_c45,8C(35%)-3.6C,101,3.9998817272727263
Batch2,Batch2_c00,5.2C(58%)-4C,10,4.0001555
Batch2,Batch2_c00,5.2C(58%)-4C,100,4.000253272727273
Batch2,Batch2_c00,5.2C(58%)-4C,101,4.000205545454546
Batch2,Batch2_c01,5.6C(26%)-4.5C,10,4.000162181818181
Batch2,Batch2_c01,5.6C(26%)-4.5C,100,3.999685818181818
Batch2,Batch2_c01,5.6C(26%)-4.5C,101,4.000211636363637
Batch2,Batch2_c02,5.2C(50%)-4.25C,10,4.000101999999999
Batch2,Batch2_c02,5.2C(50%)-4.25C,100,4.000153545454545
Batch2,Batch2_c02,5.2C(50%)-4.25C,101,4.000146181818182
Batch2,Batch2_c03,4.65C(44%)-5C,10,4.000192363636363
Batch2,Batch2_c03,4.65C(44%)-5C,100,4.00016959090909
Batch2,Batch2_c03,4.65C(44%)-5C,101,4.000183909090909
Batch2,Batch2_c04,4.65C(69%)-6C,10,4.000211409090909
Batch2,Batch2_c04,4.65C(69%)-6C,100,4.000261454545455
Batch2,Batch2_c04,4.65C(69%)-6C,101,4.000267545454545
Batch2,Batch2_c05,3.6C(30%)-6C,10,4.000124909090909
Batch2,Batch2_c05,3.6C(30%)-6C,100,4.00011709090909
Batch2,Batch2_c05,3.6C(30%)-6C,101,4.000120636363636
Batch2,Batch2_c06,3.6C(9%)-5C,10,4.000257545454545
Batch2,Batch2_c06,3.6C(9%)-5C,100,4.000253272727273
Batch2,Batch2_c06,3.6C(9%)-5C,101,4.000222909090908
Batch2,Batch2_c07,4.8C(80%)-4.8C-newstructure,10,4.000178727272727
Batch2,Batch2_c07,4.8C(80%)-4.8C-newstructure,100,4.000203363636363
Batch2,Batch2_c07,4.8C(80%)-4.8C-newstructure,101,4.000167
Batch2,Batch2_c08,5.2C(58%)-4C-newstructure,10,4.0002189999999995
Batch2,Batch2_c08,5.2C(58%)-4C-newstructure,100,4.000183909090909
Batch2,Batch2_c08,5.2C(58%)-4C-newstructure,101,4.000191909090908
Batch2,Batch2_c09,5.6C(26%)-4.5C-newstructure,10,4.000305272727272
Batch2,Batch2_c09,5.6C(26%)-4.5C-newstructure,100,4.000195181818182
Batch2,Batch2_c09,5.6C(26%)-4.5C-newstructure,101,4.000157909090909
Batch2,Batch2_c10,4.8C(80%)-4.8C,10,4.000195545454544
Batch2,Batch2_c10,4.8C(80%)-4.8C,100,4.000157454545454
Batch2,Batch2_c10,4.8C(80%)-4.8C,101,4.000123636363636
Batch2,Batch2_c11,5.2C(50%)-4.25C,10,4.000234999999999
Batch2,Batch2_c11,5.2C(50%)-4.25C,100,4.000253272727273
Batch2,Batch2_c11,5.2C(50%)-4.25C,101,4.0002592727272726
Batch2,Batch2_c12,4.65C(44%)-5C,10,4.000326909090909
Batch2,Batch2_c12,4.65C(44%)-5C,100,4.000209681818182
Batch2,Batch2_c12,4.65C(44%)-5C,101,4.000231545454545
Batch2,Batch2_c13,4.65C(69%)-6C,10,4.000213363636363
Batch2,Batch2_c13,4.65C(69%)-6C,100,4.000134909090908
Batch2,Batch2_c13,4.65C(69%)-6C,101,4.000129727272727
Batch2,Batch2_c14,3.6C(30%)-6C,10,4.000250181818182
Batch2,Batch2_c14,3.6C(30%)-6C,100,4.000276636363636
Batch2,Batch2_c14,3.6C(30%)-6C,101,4.000277545454545
Batch2,Batch2_c15,3.6C(9%)-5C,10,4.000220545454545
Batch2,Batch2_c15,3.6C(9%)-5C,100,4.000312181818181
Batch2,Batch2_c15,3.6C(9%)-5C,101,4.000250181818182
Batch2,Batch2_c16,4.8C(80%)-4.8C,10,4.000176909090909
Batch2,Batch2_c16,4.8C(80%)-4.8C,100,4.000289636363636
Batch2,Batch2_c16,4.8C(80%)-4.8C,101,4.000103272727272
Batch2,Batch2_c17,5.6C(26%)-4.5C,10,4.000289181818181
Batch2,Batch2_c17,5.6C(26%)-4.5C,100,4.000221181818181
Batch2,Batch2_c17,5.6C(26%)-4.5C,101,4.000206
Batch2,Batch2_c18,5.2C(50%)-4.25C,10,4.000148363636363
Batch2,Batch2_c18,5.2C(50%)-4.25C,100,4.0001667727272725
Batch2,Batch2_c18,5.2C(50%)-4.25C,101,4.000185181818181
Batch2,Batch2_c19,6C(60%)-3C,10,4.000194727272727
Batch2,Batch2_c19,6C(60%)-3C,100,4.000141
Batch2,Batch2_c19,6C(60%)-3C,101,4.000135727272727
Batch2,Batch2_c20,5.2C(58%)-4C,10,4.000102363636363
Batch2,Batch2_c20,5.2C(58%)-4C,100,4.000131454545454
Batch2,Batch2_c20,5.2C(58%)-4C,101,4.000304
Batch2,Batch2_c21,6C(60%)-3C,10,4.000084636363637
Batch2,Batch2_c21,6C(60%)-3C,100,4.000075090909091
Batch2,Batch2_c21,6C(60%)-3C,101,4.000072909090909
Batch2,Batch2_c24,4.8C(80%)-4.8C,10,4.0002011818181815
Batch2,Batch2_c24,4.8C(80%)-4.8C,100,4.000131454545454
Batch2,Batch2_c24,4.8C(80%)-4.8C,101,4.0001062727272725
Batch2,Batch2_c25,5.2C(58%)-4C,10,4.00016459090909
Batch2,Batch2_c25,5.2C(58%)-4C,100,4.000313454545454
Batch2,Batch2_c25,5.2C(58%)-4C,101,4.000116272727273
Batch2,Batch2_c26,5.6C(26%)-4.5C,10,4.000315636363636
Batch2,Batch2_c26,5.6C(26%)-4.5C,100,4.00019209090909
Batch2,Batch2_c26,5.6C(26%)-4.5C,101,4.000215545454545
Batch2,Batch2_c27,5.2C(50%)-4.25C,10,4.000071636363636
Batch2,Batch2_c27,5.2C(50%)-4.25C,100,4.000297
Batch2,Batch2_c27,5.2C(50%)-4.25C,101,4.000129272727273
Batch2,Batch2_c28,4.8C(80%)-4.8C,10,4.000271
Batch2,Batch2_c28,4.8C(80%)-4.8C,100,4.000247363636364
Batch2,Batch2_c28,4.8C(80%)-4.8C,101,4.000254090909091
Batch2,Batch2_c29,5.2C(58%)-4C,10,4.000283181818181
Batch2,Batch2_c29,5.2C(58%)-4C,100,4.0002758181818185
Batch2,Batch2_c29,5.2C(58%)-4C,101,4.000252818181818
Batch2,Batch2_c30,5.6C(26%)-4.5C,10,4.000118454545454
Batch2,Batch2_c30,5.6C(26%)-4.5C,100,4.000124454545454
Batch2,Batch2_c30,5.6C(26%)-4.5C,101,4.000136181818182
Batch2,Batch2_c31,5.6C(26%)-4.5C,10,4.000288818181819
Batch2,Batch2_c31,5.6C(26%)-4.5C,100,4.0001192727272725
Batch2,Batch2_c31,5.6C(26%)-4.5C,101,4.000118454545454
Batch2,Batch2_c32,4.8C(80%)-4.8C-newstructure,10,4.000032181818181
Batch2,Batch2_c32,4.8C(80%)-4.8C-newstructure,100,4.000048636363636
Batch2,Batch2_c32,4.8C(80%)-4.8C-newstructure,101,4.000041272727272
Batch2,Batch2_c33,5.2C(58%)-4C-newstructure,10,4.000054727272727
Batch2,Batch2_c33,5.2C(58%)-4C-newstructure,100,4.000065545454545
Batch2,Batch2_c33,5.2C(58%)-4C-newstructure,101,4.000084636363637
Batch2,Batch2_c34,5.6C(26%)-4.5C-newstructure,10,4.000243727272727
Batch2,Batch2_c34,5.6C(26%)-4.5C-newstructure,100,4.000290545454545
Batch2,Batch2_c34,5.6C(26%)-4.5C-newstructure,101,4.0002640909090905
Batch2,Batch2_c41,5.6C(26%)-4.5C,10,4.000121909090908
Batch2,Batch2_c41,5.6C(26%)-4.5C,100,4.0000339090909085
Batch2,Batch2_c41,5.6C(26%)-4.5C,101,4.00000009090909
Batch2,Batch2_c42,5.2C(50%)-4.25C,10,4.00019909090909
Batch2,Batch2_c42,5.2C(50%)-4.25C,100,4.000192545454545
Batch2,Batch2_c42,5.2C(50%)-4.25C,101,4.000229818181817
Batch2,Batch2_c43,4.8C(80%)-4.8C-newstructure,10,4.000302227272726
Batch2,Batch2_c43,4.8C(80%)-4.8C-newstructure,100,4.000077909090908
Batch2,Batch2_c43,4.8C(80%)-4.8C-newstructure,101,4.000020681818182
Batch2,Batch2_c44,5.2C(58%)-4C-newstructure,10,4.000281818181818
Batch2,Batch2_c44,5.2C(58%)-4C-newstructure,100,4.000122363636364
Batch2,Batch2_c44,5.2C(58%)-4C-newstructure,101,4.00032609090909
Batch2,Batch2_c45,5.6C(26%)-4.5C-newstructure,10,4.0002736363636355
Batch2,Batch2_c45,5.6C(26%)-4.5C-newstructure,100,4.00023109090909
Batch2,Batch2_c45,5.6C(26%)-4.5C-newstructure,101,4.00022509090909
Batch2,Batch2_c46,4.8C(80%)-4.8C,10,4.000025636363636
Batch2,Batch2_c46,4.8C(80%)-4.8C,100,4.000018727272727
Batch2,Batch2_c46,4.8C(80%)-4.8C,101,3.999986636363636
