batch,cell_id,policy,group,cycle_life,q2_Ah,q100_Ah,delta_100_2_mAh,slope_100_200_mAh_cycle,slope_last100_mAh_cycle,last_record_cycle,first_095_cycle,first_095_sustained5_cycle,steeper_at_end
Batch1,Batch1_c00,3.6C(80%)-3.6C,general,1190.0,1.0706892,1.0759126,5.223400000000211,-0.06520138730343737,-0.07638467566756924,1189.0,,,True
Batch1,Batch1_c01,3.6C(80%)-3.6C,general,1179.0,1.0753012,1.0806297,5.328500000000069,-0.024739306930694108,-0.051565518151814926,1178.0,,,True
Batch1,Batch1_c02,3.6C(80%)-3.6C,general,1177.0,1.0799223,1.0849404,5.018100000000025,-0.023511244030283436,-0.04721103630362801,1176.0,,,True
Batch1,Batch1_c03,4C(80%)-4C,general,1226.0,1.0797229,1.0847498,5.026900000000056,-0.03100028887594854,-0.41761731041104216,1225.0,,,True
Batch1,Batch1_c04,4C(80%)-4C,general,1227.0,1.0784167,1.0826457,4.229000000000038,-0.0272253675014581,-0.10947133273327316,1226.0,,,True
Batch1,Batch1_c05,4.4C(80%)-4.4C,general,1074.0,1.0761266,1.0797794,3.6528000000000116,-0.03660599184624444,-0.9538410941494159,1073.0,909.0,1004.0,True
Batch1,Batch1_c06,4.8C(80%)-4.8C,general,636.0,1.0758358,1.0792426,3.406800000000043,-0.08210244496214664,-1.3027391887788864,635.0,592.0,592.0,True
Batch1,Batch1_c07,4.8C(80%)-4.8C,general,870.0,1.0938644,1.0957625,1.8981000000000137,-0.046575685497960956,-0.9393810059405912,869.0,798.0,798.0,True
Batch1,Batch1_c08,5.4C(40%)-3.6C,general,879.0,1.0899748,1.0941359,4.161099999999918,-0.03941037157833208,-0.5332613048304823,878.0,,,True
Batch1,Batch1_c09,5.4C(40%)-3.6C,general,1054.0,1.0829742,1.0876312,4.656999999999911,-0.03284014909725991,-0.8332755683168291,1053.0,976.0,976.0,True
Batch1,Batch1_c10,5.4C(50%)-3C,general,906.0,1.0752757,1.0816405,6.364800000000059,-0.03293853698310963,-0.5397180345034508,905.0,,,True
Batch1,Batch1_c11,5.4C(50%)-3C,general,788.0,1.0537786,1.0599719,6.193300000000068,-0.039507273150845325,-0.8418799602160181,787.0,708.0,708.0,True
Batch1,Batch1_c12,5.4C(50%)-3.6C,general,902.0,1.077566,1.0819131,4.347099999999937,-0.030510335468841243,-0.7619465530753062,901.0,859.0,859.0,True
Batch1,Batch1_c13,5.4C(50%)-3.6C,general,897.0,1.0797893,1.0836461,3.8567999999998825,-0.030650705882349853,-0.8095028093009307,896.0,867.0,867.0,True
Batch1,Batch1_c14,5.4C(60%)-3C,general,880.0,1.0709661,1.0762016,5.235500000000171,-0.03362026092020877,-0.7868391366336689,879.0,793.0,793.0,True
Batch1,Batch1_c15,5.4C(60%)-3C,general,719.0,1.0611236,1.0677497,6.626100000000079,-0.03624698776936512,-1.0195742547254723,718.0,654.0,654.0,True
Batch1,Batch1_c16,5.4C(60%)-3.6C,general,862.0,1.0811664,1.0863206,5.154199999999998,-0.033509387303436444,-0.9992034510051007,861.0,794.0,794.0,True
Batch1,Batch1_c17,5.4C(60%)-3.6C,general,857.0,1.072052,1.0769763,4.924300000000104,-0.028028555620268562,-0.885928392319233,856.0,783.0,783.0,True
Batch1,Batch1_c18,5.4C(70%)-3C,general,691.0,1.0661705,1.0645274,-1.6430999999998974,-0.13345803843913745,-1.0740692139813994,690.0,628.0,628.0,True
Batch1,Batch1_c19,5.4C(70%)-3C,general,788.0,1.0851147,1.0870851,1.9703999999998167,-0.06282798718695486,-0.8444132142214189,787.0,708.0,708.0,True
Batch1,Batch1_c20,5.4C(80%)-5.4C,general,534.0,1.07263,1.0612478,-11.382199999999898,-0.25917053465346457,-0.769426848064807,533.0,451.0,451.0,True
Batch1,Batch1_c21,5.4C(80%)-5.4C,general,559.0,1.0824388,1.0767291,-5.709699999999929,-0.17588972044263385,-1.0247674346834676,558.0,511.0,511.0,True
Batch1,Batch1_c22,6C(30%)-3.6C,general,891.0,1.0793039,1.0820541,2.750199999999925,-0.028438679091439847,-0.5138015289528934,890.0,,,True
Batch1,Batch1_c23,6C(30%)-3.6C,general,1014.0,1.0792934,1.0816909,2.3974999999998303,-0.028554660454282493,-0.7957298567056726,1013.0,931.0,931.0,True
Batch1,Batch1_c24,6C(40%)-3C,general,1017.0,1.0745355,1.0776314,3.0958999999999293,-0.033085988351779005,-0.7449471710171021,1016.0,926.0,926.0,True
Batch1,Batch1_c25,6C(40%)-3C,general,854.0,1.0752345,1.0780438,2.8093000000000146,-0.04195125800815112,-0.7886026260426051,853.0,769.0,769.0,True
Batch1,Batch1_c26,6C(40%)-3.6C,general,870.0,1.0876514,1.0893713,1.7199000000001075,-0.039739541059988163,-0.9201576183018297,869.0,798.0,798.0,True
Batch1,Batch1_c27,6C(40%)-3.6C,general,842.0,1.0790461,1.0810226,1.9765000000000477,-0.04046390448456324,-0.9455362611461133,841.0,776.0,776.0,True
Batch1,Batch1_c28,6C(50%)-3C,general,860.0,1.0777475,1.0796947,1.9471999999998157,-0.03651421316249168,-0.7766217590159038,859.0,771.0,771.0,True
Batch1,Batch1_c29,6C(50%)-3C,general,917.0,1.0794537,1.0818107,2.3569999999999425,-0.043275417588814945,-0.783336286168613,916.0,829.0,829.0,True
Batch1,Batch1_c30,6C(50%)-3.6C,general,709.0,1.0798637,1.0814074,1.5437000000000367,-0.050770871287128955,-1.1638980698469843,708.0,653.0,653.0,True
Batch1,Batch1_c31,6C(50%)-3.6C,general,876.0,1.0946392,1.0953494,0.7101999999998831,-0.04828370762958766,-0.9499924310230987,875.0,807.0,807.0,True
Batch1,Batch1_c32,6C(60%)-3C,general,731.0,1.0778366,1.0793804,1.543800000000095,-0.04454557600465885,-0.9804747044704447,730.0,661.0,661.0,True
Batch1,Batch1_c33,6C(60%)-3C,general,757.0,1.0924908,1.0937657,1.2749000000000787,-0.04909421665695991,-1.0261301389738968,756.0,689.0,689.0,True
Batch1,Batch1_c34,7C(30%)-3.6C,general,742.0,1.0766174,1.0794187,2.8013000000000066,-0.03879987885847436,-1.1537948903090327,741.0,685.0,685.0,True
Batch1,Batch1_c35,7C(30%)-3.6C,general,703.0,1.0707464,1.0739936,3.2472000000001167,-0.034147468841004634,-1.0410823543354342,702.0,639.0,639.0,True
Batch1,Batch1_c36,7C(40%)-3C,general,704.0,1.0778315,1.0802411,2.4096000000000117,-0.04517889458357649,-1.029190057845784,703.0,638.0,638.0,True
Batch1,Batch1_c37,7C(40%)-3C,general,648.0,1.0748194,1.0768065,1.9871000000000194,-0.05479777751892729,-1.081840450945092,647.0,590.0,590.0,True
Batch1,Batch1_c38,7C(40%)-3.6C,general,617.0,1.0729513,1.0749754,2.024100000000084,-0.042038790914383554,-1.2320905135313511,616.0,562.0,562.0,True
Batch1,Batch1_c39,7C(40%)-3.6C,general,625.0,1.0817773,1.0847629,2.9856000000001437,-0.04800559697146174,-1.220768151455142,624.0,568.0,568.0,True
Batch1,Batch1_c40,8C(15%)-3.6C,general,966.0,1.0833029,1.0857353,2.4324000000000012,-0.03624735934769736,-0.7673050211821187,965.0,878.0,878.0,True
Batch1,Batch1_c41,8C(15%)-3.6C,general,1051.0,1.0789614,1.0821686,3.2071999999998546,-0.03785075596971423,-0.7424924893489329,1050.0,959.0,959.0,True
Batch1,Batch1_c42,8C(25%)-3.6C,general,702.0,1.0798725,1.0832821,3.4095999999999016,-0.04511755387303504,-0.9407218399639979,701.0,629.0,629.0,True
Batch1,Batch1_c43,8C(25%)-3.6C,general,651.0,1.0682389,1.0688359,0.5969999999999587,-0.05392146651135504,-1.0307571610561044,650.0,587.0,587.0,True
Batch1,Batch1_c44,8C(35%)-3.6C,general,616.0,1.0847682,1.0847102,-0.058000000000113516,-0.05171579499125974,-1.030523173957395,615.0,549.0,549.0,True
Batch1,Batch1_c45,8C(35%)-3.6C,general,599.0,1.0839558,1.0858277,1.8719000000000374,-0.05161966453115957,-1.1389513854185414,598.0,539.0,539.0,True
Batch2,Batch2_c00,5.2C(58%)-4C,general,477.0,1.1020051,1.1052729,3.267799999999932,0.09753845195107612,-2.175850757635763,496.0,447.0,447.0,True
Batch2,Batch2_c01,5.6C(26%)-4.5C,general,491.0,1.1057826,1.1015422,-4.240400000000033,-0.05325677344205042,-1.79269671869187,513.0,457.0,457.0,True
Batch2,Batch2_c02,5.2C(50%)-4.25C,general,424.0,1.0753863,1.0728362,-2.5500999999998886,0.04997998835177675,-1.9755493025502535,439.0,404.0,404.0,True
Batch2,Batch2_c03,4.65C(44%)-5C,general,499.0,1.0959566,1.1003293,4.372700000000007,0.02393158066394859,-1.8249966113411344,517.0,464.0,464.0,True
Batch2,Batch2_c04,4.65C(69%)-6C,general,444.0,1.0899745,1.0813601,-8.614400000000133,-0.005803820617354346,-1.7315970636063622,464.0,410.0,410.0,True
Batch2,Batch2_c05,3.6C(30%)-6C,general,416.0,1.0989141,1.0760076,-22.90649999999994,-0.18131072335468817,-1.4543934844884476,445.0,363.0,363.0,True
Batch2,Batch2_c06,3.6C(9%)-5C,general,393.0,1.0885617,1.090597,2.035299999999962,-0.03981312405358275,-1.9025685749774985,409.0,361.0,361.0,True
Batch2,Batch2_c07,4.8C(80%)-4.8C-newstructure,newstructure,777.0,1.0904776,1.09727,6.792399999999921,-0.030860271403611843,-1.4616794240624054,806.0,729.0,729.0,True
Batch2,Batch2_c08,5.2C(58%)-4C-newstructure,newstructure,904.0,1.0906329,1.0909338,0.30090000000004835,0.04070705066977204,-1.1868470760276049,947.0,843.0,843.0,True
Batch2,Batch2_c09,5.6C(26%)-4.5C-newstructure,newstructure,791.0,1.0949715,1.0975486,2.57710000000011,0.029918825859055587,-1.6580314914491505,819.0,751.0,751.0,True
Batch2,Batch2_c10,4.8C(80%)-4.8C,general,492.0,1.1092782,1.1162933,7.01509999999983,-0.006063615608621866,-1.8914617993399345,519.0,457.0,457.0,True
Batch2,Batch2_c11,5.2C(50%)-4.25C,general,449.0,1.0959171,1.1086942,12.777099999999875,0.029712824694233475,-2.336884498169814,468.0,422.0,422.0,True
Batch2,Batch2_c12,4.65C(44%)-5C,general,466.0,1.1016457,1.1065857,4.939999999999944,-0.12084005824111922,-1.7222425227122726,493.0,428.0,428.0,True
Batch2,Batch2_c13,4.65C(69%)-6C,general,460.0,1.0954365,1.0951428,-0.2936999999998413,-0.06714562376237795,-1.9001009151515111,483.0,427.0,427.0,True
Batch2,Batch2_c14,3.6C(30%)-6C,general,426.0,1.0844886,1.0776343,-6.854300000000091,-0.18361074898078208,-1.7039554388838898,461.0,388.0,390.0,True
Batch2,Batch2_c15,3.6C(9%)-5C,general,396.0,1.0697494,1.0770745,7.325099999999862,-0.15507325917297804,-1.7969100846684665,414.0,365.0,365.0,True
Batch2,Batch2_c16,4.8C(80%)-4.8C,general,472.0,1.0945363,1.0940695,-0.4667999999998784,-0.016663606290042973,-1.7970360324032366,499.0,437.0,437.0,True
Batch2,Batch2_c17,5.6C(26%)-4.5C,general,471.0,1.0917177,1.0944375,2.719799999999939,-0.10799165404775664,-1.6119089512151217,494.0,432.0,432.0,True
Batch2,Batch2_c18,5.2C(50%)-4.25C,general,449.0,1.0756292,1.0858426,10.21340000000004,-0.0279581397786879,-1.9674537423942424,467.0,423.0,423.0,True
Batch2,Batch2_c19,6C(60%)-3C,general,392.0,1.0902406,1.0930592,2.8185999999998934,0.008150637157831658,-2.1913491005700534,411.0,367.0,367.0,True
Batch2,Batch2_c20,5.2C(58%)-4C,general,489.0,1.0977259,1.1038647,6.1388,0.08042048340128259,-2.3862995080708043,506.0,465.0,465.0,True
Batch2,Batch2_c21,6C(60%)-3C,general,408.0,1.0985936,1.1000447,1.4510999999999274,0.015042314502041175,-2.1411343164116436,426.0,379.0,379.0,True
Batch2,Batch2_c24,4.8C(80%)-4.8C,general,514.0,1.0923017,1.1019264,9.624700000000042,0.00877015259172877,-1.89531600960096,536.0,478.0,478.0,True
Batch2,Batch2_c25,5.2C(58%)-4C,general,493.0,1.098838,1.1063702,7.532199999999989,0.056167770529995185,-2.3254889868586814,511.0,468.0,468.0,True
Batch2,Batch2_c26,5.6C(26%)-4.5C,general,450.0,1.1043522,1.1065354,2.183200000000163,-0.1360159091438548,-1.9228055115511562,476.0,418.0,418.0,True
Batch2,Batch2_c27,5.2C(50%)-4.25C,general,474.0,1.0925682,1.1031471,10.578899999999836,0.049852648806056825,-2.267995485628563,493.0,447.0,447.0,True
Batch2,Batch2_c28,4.8C(80%)-4.8C,general,437.0,1.0904486,1.0995919,9.143300000000076,-0.09157698427489952,-1.9211341570957046,456.0,405.0,405.0,True
Batch2,Batch2_c29,5.2C(58%)-4C,general,452.0,1.1032062,1.1159806,12.774400000000075,0.025806978450784807,-2.342582915511553,470.0,427.0,427.0,True
Batch2,Batch2_c30,5.6C(26%)-4.5C,general,412.0,1.0946374,1.092545,-2.0923999999999943,-0.1734627559697144,-1.9236062500450004,429.0,388.0,388.0,True
Batch2,Batch2_c31,5.6C(26%)-4.5C,general,425.0,1.0990092,1.1006228,1.6135999999999928,-0.16251021782178304,-1.9314609944194359,446.0,396.0,396.0,True
Batch2,Batch2_c32,4.8C(80%)-4.8C-newstructure,newstructure,809.0,1.0881557,1.0874337,-0.7219999999998894,-0.025234772277228177,-1.4197149023102311,834.0,757.0,757.0,True
Batch2,Batch2_c33,5.2C(58%)-4C-newstructure,newstructure,1140.0,1.0732747,1.0686773,-4.597399999999974,-0.026129032032613766,-0.9405257098109784,1190.0,75.0,1041.0,True
Batch2,Batch2_c34,5.6C(26%)-4.5C-newstructure,newstructure,1186.0,1.0671737,1.0644548,-2.7188999999998575,-0.036414539312755255,-0.7700847346534625,1252.0,1077.0,1077.0,True
Batch2,Batch2_c41,5.6C(26%)-4.5C,general,442.0,1.1049188,1.108752,3.83319999999987,-0.09201831333721634,-2.032012476507653,463.0,411.0,411.0,True
Batch2,Batch2_c42,5.2C(50%)-4.25C,general,474.0,1.1024443,1.1133598,10.915500000000078,0.02768080023296522,-2.040497838883888,497.0,441.0,441.0,True
Batch2,Batch2_c43,4.8C(80%)-4.8C-newstructure,newstructure,1029.0,1.0974334,1.0966223,-0.8110999999999535,0.014257026208500514,-1.3036448051605163,1061.0,963.0,970.0,True
Batch2,Batch2_c44,5.2C(58%)-4C-newstructure,newstructure,841.0,1.09659,1.0974951,0.905099999999992,0.01762516948165405,-1.5999716186018644,874.0,797.0,797.0,True
Batch2,Batch2_c45,5.6C(26%)-4.5C-newstructure,newstructure,997.0,1.1030351,1.0995457,-3.489400000000087,0.026639692486896013,-1.2398413462346252,1027.0,934.0,934.0,True
Batch2,Batch2_c46,4.8C(80%)-4.8C,general,503.0,1.100943,1.0998453,-1.0977000000000903,0.043633255678507225,-1.8658372553855367,523.0,466.0,468.0,True
Batch3,Batch3_c00,5C(67%)-4C-newstructure,newstructure,1009.0,1.0674551,1.0694544,1.9992999999998151,-0.03332536167734598,-1.0409702136813683,1008.0,948.0,948.0,True
Batch3,Batch3_c01,5.3C(54%)-4C-newstructure,newstructure,1063.0,1.0650603,1.0664777,1.417400000000013,-0.035652227140360836,-0.82164236537654,1062.0,979.0,979.0,True
Batch3,Batch3_c02,5.6C(19%)-4.6C-newstructure,newstructure,1267.0,1.060818,1.0606135,-0.20449999999994084,-0.0367561770529993,-0.5247058201620171,1266.0,1132.0,1132.0,True
Batch3,Batch3_c03,5.6C(36%)-4.3C-newstructure,newstructure,1115.0,1.0628892,1.0635946,0.7053999999999672,-0.03198934187536539,-0.7849355852385246,1114.0,1025.0,1025.0,True
Batch3,Batch3_c04,5.6C(19%)-4.6C-newstructure,newstructure,1048.0,1.0724765,1.0738586,1.3821000000000527,-0.03535918112987612,-0.801397064326431,1047.0,959.0,959.0,True
Batch3,Batch3_c05,5.6C(36%)-4.3C-newstructure,newstructure,828.0,1.0514506,1.0518515,0.40090000000003734,-0.046372619685497524,-0.9822140807080719,827.0,765.0,765.0,True
Batch3,Batch3_c06,3.7C(31%)-5.9C-newstructure,newstructure,667.0,1.0626124,1.04378,-18.83239999999997,-0.21117857192778192,-0.4634936124212399,666.0,509.0,509.0,True
Batch3,Batch3_c07,4.8C(80%)-4.8C-newstructure,newstructure,1836.0,1.0675218,1.0684743,0.9525000000001338,-0.016314513686660887,-0.4572549751575185,1835.0,1667.0,1667.0,True
Batch3,Batch3_c08,5C(67%)-4C-newstructure,newstructure,828.0,1.0647362,1.067026,2.2898000000000085,-0.038226697728596264,-1.1399357810381037,827.0,778.0,778.0,True
Batch3,Batch3_c09,5.3C(54%)-4C-newstructure,newstructure,1039.0,1.0694826,1.0724456,2.963000000000049,-0.020681297612114104,-0.9862914204620459,1038.0,970.0,970.0,True
Batch3,Batch3_c10,4.8C(80%)-4.8C-newstructure,newstructure,1078.0,1.0617746,1.0623909,0.6163000000001251,-0.031201401281305826,-0.7622364160216032,1077.0,985.0,985.0,True
Batch3,Batch3_c11,5.6C(19%)-4.6C-newstructure,newstructure,817.0,1.0680679,1.0682998,0.2318999999999516,-0.0488062760629022,-0.9831581960396045,816.0,752.0,752.0,True
Batch3,Batch3_c12,5.6C(36%)-4.3C-newstructure,newstructure,932.0,1.0741653,1.0755343,1.3689999999999536,-0.023301756552123083,-1.0872697576357628,931.0,871.0,871.0,True
Batch3,Batch3_c13,5.6C(19%)-4.6C-newstructure,newstructure,816.0,1.065558,1.067306,1.7480000000000828,-0.05041143622597378,-0.9394756323432369,815.0,750.0,750.0,True
Batch3,Batch3_c14,5.6C(36%)-4.3C-newstructure,newstructure,858.0,1.0727056,1.0763919,3.686300000000031,-0.03408701572509996,-1.0349465392739234,857.0,800.0,800.0,True
Batch3,Batch3_c15,5.9C(15%)-4.6C-newstructure,newstructure,876.0,1.0684187,1.0693594,0.9406999999999055,-0.04089627955736909,-0.9232260141614155,875.0,807.0,807.0,True
Batch3,Batch3_c16,4.8C(80%)-4.8C-newstructure,newstructure,1638.0,1.061009,1.0625579,1.5488999999999642,-0.027516119976703526,-0.44119851059105786,1637.0,1467.0,1467.0,True
Batch3,Batch3_c17,5.3C(54%)-4C-newstructure,newstructure,1315.0,1.0664514,1.0664585,0.0070999999999266095,-0.03490183808969119,-0.5452109098709885,1314.0,1182.0,1182.0,True
Batch3,Batch3_c18,5.6C(19%)-4.6C-newstructure,newstructure,1146.0,1.0680237,1.0670015,-1.0221999999999731,-0.03865531741409434,-0.6387924060606065,1145.0,1036.0,1036.0,True
Batch3,Batch3_c19,5.6C(36%)-4.3C-newstructure,newstructure,1155.0,1.0719248,1.0708553,-1.0694999999998345,-0.03832812230634747,-0.6263455395739586,1154.0,1042.0,1042.0,True
Batch3,Batch3_c20,5C(67%)-4C-newstructure,newstructure,813.0,1.0650502,1.0664401,1.389899999999944,-0.03649080605707767,-1.2046990970897091,812.0,762.0,762.0,True
Batch3,Batch3_c21,3.7C(31%)-5.9C-newstructure,newstructure,772.0,1.0678563,1.0538316,-14.024700000000001,-0.15637262667443358,-0.6345314825082486,771.0,662.0,662.0,True
Batch3,Batch3_c22,5.9C(60%)-3.1C-newstructure,newstructure,1002.0,1.0562643,1.0569046,0.640299999999927,-0.027324958648805114,-1.0825279746774694,1001.0,952.0,952.0,True
Batch3,Batch3_c24,5C(67%)-4C-newstructure,newstructure,825.0,1.0462732,1.050084,3.810800000000114,-0.03733539079790398,-1.0123699211521147,824.0,769.0,769.0,True
Batch3,Batch3_c25,5.3C(54%)-4C-newstructure,newstructure,989.0,1.0611302,1.0643663,3.236100000000075,-0.03268010017472449,-0.979073474887487,988.0,925.0,925.0,True
Batch3,Batch3_c26,5.6C(19%)-4.6C-newstructure,newstructure,1028.0,1.0720186,1.074435,2.4163999999999852,-0.036308665113568984,-0.7951810309630979,1027.0,940.0,940.0,True
Batch3,Batch3_c27,5.6C(36%)-4.3C-newstructure,newstructure,850.0,1.0604171,1.0627574,2.340299999999962,-0.04363752125800779,-0.9897206072607275,849.0,783.0,783.0,True
Batch3,Batch3_c28,3.7C(31%)-5.9C-newstructure,newstructure,541.0,1.0518668,1.0340093,-17.85750000000008,-0.23228714618520477,-0.5732081395739566,540.0,415.0,415.0,True
Batch3,Batch3_c29,5.9C(15%)-4.6C-newstructure,newstructure,858.0,1.0663688,1.0696349,3.2661000000000495,-0.04861318462434516,-0.9482550996099555,857.0,790.0,790.0,True
Batch3,Batch3_c30,5.3C(54%)-4C-newstructure,newstructure,935.0,1.0687393,1.0710108,2.271499999999982,-0.036842051252185946,-1.0673720583258308,934.0,878.0,878.0,True
Batch3,Batch3_c31,5.9C(60%)-3.1C-newstructure,newstructure,731.0,1.0681812,1.0698149,1.6336999999999602,-0.03841445661036807,-1.2323421984398415,730.0,683.0,683.0,True
Batch3,Batch3_c33,5C(67%)-4C-newstructure,newstructure,1284.0,1.060272,1.0609198,0.6477999999998652,-0.03571287245195276,-0.7708483579957993,1283.0,1194.0,1194.0,True
Batch3,Batch3_c34,5.3C(54%)-4C-newstructure,newstructure,1158.0,1.061535,1.0615493,0.01430000000013365,-0.0407461747233557,-0.5967292832883285,1157.0,1041.0,1041.0,True
Batch3,Batch3_c35,5.6C(19%)-4.6C-newstructure,newstructure,1093.0,1.0633804,1.0632331,-0.14730000000007237,-0.03648173558532507,-0.6511174680468033,1092.0,986.0,986.0,True
Batch3,Batch3_c36,5.6C(36%)-4.3C-newstructure,newstructure,923.0,1.0575287,1.0577667,0.23799999999996047,-0.045398913220733375,-1.0657773426942707,922.0,875.0,875.0,True
Batch3,Batch3_c37,4.8C(80%)-4.8C-newstructure,newstructure,1390.0,1.0465839,1.0483961,1.8122000000000416,-0.03867239487477984,-0.6533983462346211,1389.0,1278.0,1278.0,True
Batch3,Batch3_c38,5C(67%)-4C-newstructure,newstructure,1935.0,1.0701473,1.0710695,0.9221999999999841,-0.025165693651718737,-0.46989856501649974,1934.0,1764.0,1764.0,True
Batch3,Batch3_c39,5.3C(54%)-4C-newstructure,newstructure,1156.0,1.0474036,1.0495038,2.1002000000001075,-0.03614424461269724,-0.9002467117311741,1155.0,1084.0,1084.0,True
Batch3,Batch3_c40,5.6C(19%)-4.6C-newstructure,newstructure,796.0,1.0593235,1.0617574,2.433899999999989,-0.045454412347116134,-0.9531244032403202,795.0,731.0,731.0,True
Batch3,Batch3_c41,5.6C(36%)-4.3C-newstructure,newstructure,786.0,1.0505219,1.0541531,3.6312000000000566,-0.02862309376820123,-0.9556391930393032,785.0,718.0,718.0,True
Batch3,Batch3_c42,4.8C(80%)-4.8C-newstructure,newstructure,1642.0,1.0669198,1.0689646,2.0447999999999578,-0.025964375072803053,-0.4968191086708659,1641.0,1486.0,1486.0,True
Batch3,Batch3_c43,5C(67%)-4C-newstructure,newstructure,1046.0,1.0701852,1.0724185,2.2332999999998826,-0.028220683750728188,-0.9780080796879704,1045.0,978.0,978.0,True
Batch3,Batch3_c44,5.3C(54%)-4C-newstructure,newstructure,940.0,1.06972,1.0729284,3.208399999999889,-0.02303234828189232,-1.1768660822082233,939.0,892.0,892.0,True
Batch3,Batch3_c45,4.8C(80%)-4.8C-newstructure,newstructure,1801.0,1.0695485,1.0711251,1.576599999999928,-0.023181171811298695,-0.44885492205220356,1800.0,1633.0,1633.0,True
