cell_id,window,trim_last_cycles,knee_candidate_cycle,before_slope,after_slope,fit_rmse_mAh,linear_rmse_mAh,at_search_edge
Batch1_c17,11,0,660.0,-0.07294184853129626,-0.772082039714348,4.210852006128453,25.45139331541876,False
Batch1_c17,21,0,655.0,-0.07084274635152886,-0.748155334774303,4.170507211111018,24.669659966948387,False
Batch1_c17,41,0,655.0,-0.07141184404651818,-0.7399718351297704,4.097517455197135,23.116295895673403,False
Batch1_c17,21,50,645.0,-0.0689183075243507,-0.6699708679837845,3.9100177525312976,18.569954686780726,False
Batch2_c16,11,0,380.0,-0.27473069887214496,-1.6044733396613173,8.030401942967933,29.43833758666548,False
Batch2_c16,21,0,380.0,-0.2765700588519267,-1.5844933048030658,7.913199677236218,27.871732572331542,False
Batch2_c16,41,0,370.0,-0.2617023002221774,-1.4186441790447255,7.627036291289349,24.78352790556946,False
Batch2_c16,21,50,335.0,-0.21946892357260261,-0.9518799890020907,6.234784803748896,16.507363133137176,False
Batch3_c00,11,0,845.0,-0.06901746992257603,-0.7853463498182228,4.498703697638149,21.042105225145026,False
Batch3_c00,21,0,840.0,-0.06809990231858788,-0.7480532713921152,4.374621815472374,20.015169021151404,False
Batch3_c00,41,0,830.0,-0.06647077307399088,-0.6763715394955693,4.103177445580282,18.026881556823806,False
Batch3_c00,21,50,800.0,-0.06285671262402225,-0.4912818389554807,3.104824420890248,12.784512746612164,False
Batch1_c02,11,0,705.0,-0.032685277307536904,-0.049757491974707885,0.666857902677254,1.4500594667885756,False
Batch1_c02,21,0,705.0,-0.032710926322662724,-0.04972543066725384,0.6322685913041105,1.422763875980093,False
Batch1_c02,41,0,705.0,-0.032678968039164445,-0.0498188945696285,0.6295585660740881,1.4139550393038856,False
Batch1_c02,21,50,710.0,-0.032729106849802736,-0.050232244280830486,0.6399291017184435,1.3851557158938776,False
Batch2_c19,11,0,305.0,-0.19586622217925143,-1.9697275674813957,9.393171648137423,34.05530885718396,True
Batch2_c19,21,0,300.0,-0.18185813738168155,-1.8385836661823522,9.424762756636262,31.872736073715714,True
Batch2_c19,41,0,290.0,-0.15764972183650264,-1.5839516673321594,9.111693087649272,27.519743994600596,True
Batch2_c19,21,50,245.0,-0.04822623311770309,-0.8637240660332741,4.826803974909079,15.888256618742936,False
Batch2_c33,11,0,925.0,-0.062112325309678626,-0.6709595855965307,4.079522642207785,30.000481303925454,False
Batch2_c33,21,0,920.0,-0.0610912268371611,-0.6529719038511633,3.903084750199024,29.159330361792712,False
Batch2_c33,41,0,915.0,-0.060383143463530256,-0.6307109382630031,3.593089476998343,27.538221998126843,False
Batch2_c33,21,50,910.0,-0.06049446296987281,-0.5949702401389889,2.982731025519843,23.18598307120715,False
